Trh,Slc17a6,Adcyap1,Reln,Bdnf,Oprm1,Pnoc,Trhr,Tacr1,Cckbr,Npy2r,Crhr2,Hcrtr1,Onecut3,Qrfpr,Nr3c2,Crh,Irs4,Pgf,Sstr2,Hcrtr2,Mc4r,Sst,Ghr,Alk,Gpr101,Cartpt,Galr1,Npy1r,Prokr2,Oxt,Sim1,Ptn,Gal,Pdyn,Cntfr,Tac1,Pomc,Oprl1,Mchr1,Mbnl3,Grpr,Npw,Avp,Oprk1,Lmo4,Slc1a2,Ghrh,Npy,Cck,Avpr1a,Gad1,Cell_name,pneTRH,pneCRH,pneSS,mneVAS,mneOXY
1,0,0,0,0,0,0,0,0,0,0,0,0,0,0,1,0,0,0,0,0,0,1,0,1,0,0,0,0,0,1,0,1,1,0,0,0,0,0,0,0,0,0,1,0,0,0,0,0,0,0,0,Hypothalamus_traject_P23:TGCCCTAGTGAGGGAGx,0,1,0,0,0
0,1,0,0,0,0,0,0,0,0,0,0,0,0,0,1,1,1,0,0,0,0,0,1,1,0,0,0,0,0,1,1,1,0,0,1,0,0,1,0,0,0,0,1,0,0,1,0,1,0,0,0,Hypothalamus_traject_P23:GGGACCTGTAGAGGAAx,0,1,0,0,0
0,0,0,0,0,0,0,0,0,0,0,0,0,0,0,1,1,1,1,0,0,0,0,1,1,0,0,0,0,0,1,0,0,1,1,0,0,0,0,0,0,0,0,1,0,0,0,0,0,0,0,0,Hypothalamus_traject_P23:GCGGGTTAGACAATACx,0,1,0,0,0
0,1,0,0,0,0,0,0,0,0,0,0,0,0,0,1,0,1,0,0,0,0,1,0,1,1,1,0,0,0,1,1,1,1,0,0,0,0,0,0,0,0,0,1,1,1,1,0,1,0,0,0,Hypothalamus_traject_P23:AGCCTAACAAGAAAGGx,0,1,0,0,0
0,0,0,1,0,0,0,0,1,1,0,0,0,0,0,1,1,0,1,0,1,0,0,1,1,1,0,0,0,0,1,0,0,0,0,0,0,1,0,0,0,0,0,1,0,0,0,0,0,0,0,0,Hypothalamus_traject_P23:AACTTTCCACTGCCAGx,0,1,0,0,0
1,1,0,1,0,0,0,1,0,0,0,0,0,0,0,1,1,0,1,0,0,0,0,1,1,1,0,0,0,0,1,1,1,0,0,0,0,1,0,0,0,0,0,1,0,1,0,0,0,0,0,0,Hypothalamus_traject_P23:GTACTCCGTAGTGAATx,0,1,0,0,0
1,0,0,0,0,1,0,0,0,0,0,0,0,0,0,1,0,1,0,0,0,0,0,1,0,0,1,0,1,0,1,1,1,0,0,1,0,0,0,0,0,0,0,1,0,0,0,0,0,0,0,0,Hypothalamus_traject_P23:GTTTCTAGTCTTCAAGx,0,1,0,0,0
1,1,0,0,0,0,0,0,0,0,0,0,0,0,0,0,0,0,1,0,0,0,0,1,0,0,0,0,0,0,1,1,0,0,0,0,0,0,0,0,0,0,0,1,0,0,0,0,0,0,0,0,Hypothalamus_traject_P23:CTTGGCTCAAGCGAGTx,0,1,0,0,0
1,1,0,0,0,0,0,0,0,0,0,0,0,0,0,1,1,0,1,0,0,0,0,1,1,0,0,0,0,0,1,1,1,1,0,1,0,0,0,0,0,0,0,1,0,0,0,0,0,0,0,0,Hypothalamus_traject_P23:GGGCATCGTCATGCATx,0,1,0,0,0
1,1,0,1,0,0,0,0,0,0,0,0,0,0,0,1,1,0,0,0,0,0,0,1,0,0,0,0,0,0,1,1,1,0,0,0,0,0,0,0,0,0,0,1,0,0,0,0,0,0,0,0,Hypothalamus_traject_P23:CGAGCACTCCGTAGTAx,0,1,0,0,0
1,0,0,0,1,0,0,0,0,0,0,0,0,0,0,1,0,1,1,1,1,0,0,1,0,1,0,0,0,0,1,1,1,0,0,1,1,0,0,0,0,0,0,1,1,0,0,0,1,0,0,0,Hypothalamus_traject_P10:GCGAGAACAGCTGTATx,0,1,0,0,0
1,1,0,0,0,1,0,0,0,0,0,0,0,0,0,1,0,1,1,0,1,0,1,1,0,1,1,0,0,0,1,1,0,1,0,0,0,0,1,1,0,0,0,1,0,1,0,0,1,0,0,0,Hypothalamus_traject_P10:TCACAAGCACAGCGTCx,0,1,0,0,0
1,1,0,0,0,1,0,0,0,0,0,0,0,1,0,1,0,1,0,0,0,1,0,1,1,1,0,0,0,0,1,0,1,0,0,0,0,1,0,1,0,0,0,1,1,1,0,0,1,0,0,0,Hypothalamus_traject_P10:TCGCGAGAGCAGATCGx,0,1,0,0,0
1,1,0,0,0,0,1,1,0,0,0,0,0,0,0,1,0,1,1,0,0,0,0,1,0,1,0,0,1,1,0,1,1,0,0,0,0,0,0,0,0,0,0,0,0,0,0,0,0,1,1,0,Hypothalamus_traject_P10:TCAATCTTCATACGGTx,0,1,0,0,0
1,1,0,0,0,1,0,0,0,0,0,0,0,0,0,1,0,1,0,0,0,1,0,1,0,1,0,0,0,0,0,1,0,1,0,0,0,1,1,0,1,0,0,1,0,0,0,0,1,0,0,0,Hypothalamus_traject_P10:GGTGTTAGTCTGATCAx,0,1,0,0,0
1,1,0,0,0,1,0,0,0,0,0,0,0,0,0,1,0,1,1,0,1,1,0,1,1,1,0,0,0,0,0,1,1,1,0,0,0,0,0,0,0,0,0,1,0,1,0,0,0,0,0,0,Hypothalamus_traject_P10:TGCGTGGTCAAAGACAx,0,1,0,0,0
0,1,0,0,0,0,0,0,0,0,0,0,0,0,0,1,1,1,0,1,0,1,0,1,1,1,0,0,0,0,0,1,0,1,0,0,0,0,0,0,0,0,0,1,0,0,0,0,1,0,0,0,Hypothalamus_traject_P10:CTAACTTGTAGCGTGAx,0,1,0,0,0
0,0,0,0,0,0,0,0,0,0,0,0,0,0,0,1,1,0,0,1,0,0,1,1,1,0,0,0,0,0,0,1,1,1,0,0,0,0,1,0,0,0,0,1,0,0,0,0,0,0,0,0,Hypothalamus_traject_P10:AGAATAGAGTCTCAACx,0,1,0,0,0
0,0,0,0,1,0,0,0,0,0,0,0,0,0,0,1,1,0,1,1,0,0,0,1,1,1,0,0,0,0,0,1,1,0,0,0,0,1,0,0,0,0,0,1,0,1,0,1,0,0,0,0,Hypothalamus_traject_P10:CAGGTGCCAGTCAGCCx,0,1,0,0,0
1,1,0,0,0,0,0,0,0,0,0,0,0,0,0,1,0,1,1,0,1,0,0,1,0,0,0,0,1,0,0,1,1,1,0,1,0,0,0,1,0,0,0,1,0,1,0,0,0,0,0,0,Hypothalamus_traject_P10:TCTCTAAGTTGCTCCTx,0,1,0,0,0
0,1,0,0,0,0,0,0,0,0,0,0,0,0,0,1,1,0,1,1,1,0,1,1,0,1,0,0,0,0,0,0,1,0,0,1,0,0,1,0,0,0,0,1,0,0,0,0,0,0,0,0,Hypothalamus_traject_P10:CGGACTGCACGTTGGCx,0,1,0,0,0
1,1,0,0,0,0,0,0,0,0,0,0,0,0,0,1,0,0,0,0,0,0,0,1,0,1,0,0,0,0,0,1,1,0,0,1,0,0,1,0,0,0,0,1,0,0,0,0,0,0,0,0,Hypothalamus_traject_P10:CTCGGGAGTTTGTTGGx,0,1,0,0,0
1,0,0,0,0,0,0,0,0,0,0,0,0,0,0,1,0,1,0,0,0,0,0,1,0,0,0,0,0,0,1,1,1,0,0,0,1,0,1,0,0,0,0,1,0,1,0,0,0,0,0,0,Hypothalamus_traject_P10:CCTCTGAGTTGGTGGAx,0,1,0,0,0
0,1,0,1,0,0,0,0,0,0,0,0,0,0,0,1,1,0,1,0,0,0,1,1,0,0,0,1,0,0,0,1,1,1,0,0,0,0,0,0,0,0,0,1,0,1,1,0,0,1,0,0,Hypothalamus_traject_P10:CACTCCAAGAGACTTAx,0,1,0,0,0
1,1,0,0,0,0,0,0,0,0,0,0,0,0,0,1,0,1,0,0,1,0,0,1,0,0,0,0,0,0,0,1,1,1,0,0,0,0,0,0,0,0,0,1,0,0,0,0,1,0,0,0,Hypothalamus_traject_P10:GGGATGAAGTCAAGGCx,0,1,0,0,0
0,1,0,0,0,0,0,0,0,0,0,0,0,0,0,1,1,0,0,1,1,0,0,1,0,0,0,0,0,0,1,0,1,1,0,0,0,0,1,0,0,0,0,1,0,1,0,0,0,0,0,0,Hypothalamus_traject_P10:CGAATGTTCACCTTATx,0,1,0,0,0
1,1,0,0,0,0,0,0,0,0,0,0,0,0,0,1,1,0,0,0,1,0,0,1,0,0,0,0,0,0,1,1,1,0,0,0,0,0,0,0,0,0,0,1,0,0,0,0,0,0,0,0,Hypothalamus_traject_P10:TCTCATAGTAAGAGGAx,0,1,0,0,0
1,1,0,0,0,1,0,0,0,0,0,0,0,0,0,1,0,1,1,0,1,1,0,1,0,1,0,0,0,0,0,1,1,1,0,0,1,0,0,0,0,0,0,0,0,0,0,0,0,0,0,0,Hypothalamus_traject_P10:ATTTCTGGTGATGTGGx,0,1,0,0,0
0,0,0,0,0,0,0,0,0,0,0,0,0,0,0,1,0,1,0,0,0,0,0,1,1,0,0,0,0,0,1,0,0,0,0,0,0,0,0,0,0,1,0,1,0,0,0,0,0,0,0,0,Hypothalamus_traject_P10:CATCCACTCATCATTCx,0,1,0,0,0
0,1,0,0,0,0,0,0,0,0,0,0,0,0,0,1,1,0,0,1,1,0,0,0,1,0,0,0,0,0,1,1,1,1,0,1,0,0,0,1,0,0,0,1,0,0,0,1,0,0,0,0,Hypothalamus_traject_1P10:ACTATCTAGTAACCCTx,0,1,0,0,0
0,1,0,0,0,0,0,0,0,0,0,0,0,0,0,0,1,0,0,1,0,0,0,1,1,1,0,0,0,0,1,1,1,0,0,1,0,0,1,0,1,0,0,1,0,0,0,0,0,0,0,0,Hypothalamus_traject_1P10:CTCGAGGTCATTGCCCx,0,1,0,0,0
0,0,0,0,0,0,0,0,0,0,0,0,0,0,0,0,1,1,0,0,0,0,0,1,1,0,0,0,0,0,0,1,1,1,0,0,0,0,0,0,0,0,0,1,0,1,0,0,0,0,0,0,Hypothalamus_traject_1P10:TTAGGACAGATCACGGx,0,1,0,0,0
1,1,0,0,0,0,0,0,0,0,0,0,0,0,0,1,0,1,0,1,0,0,0,1,0,1,0,0,1,0,0,0,1,0,0,1,1,1,0,0,0,0,0,0,1,0,0,0,0,0,0,0,Hypothalamus_traject_1P10:TACTTGTGTGATAAACx,0,1,0,0,0
1,1,0,0,0,0,0,0,0,0,0,0,0,0,0,1,0,1,0,0,0,0,0,1,0,1,0,0,0,0,1,1,0,1,0,1,1,0,1,0,0,0,0,0,0,1,0,1,0,0,0,0,Hypothalamus_traject_1P10:ACCCACTAGAGAGCTCx,0,1,0,0,0
0,1,0,0,0,0,0,0,0,0,0,0,0,0,0,0,1,1,1,0,0,0,1,1,1,1,1,0,0,0,0,1,1,1,0,0,0,0,1,0,0,0,0,0,0,1,1,0,0,0,1,0,Hypothalamus_traject_1P10:AGAGTGGCAACAACCTx,0,1,0,0,0
0,0,0,0,0,0,0,0,0,0,0,0,0,0,0,1,1,0,0,1,0,0,0,1,0,0,0,0,0,0,0,1,1,0,0,1,0,1,0,0,0,0,0,1,0,0,0,0,0,0,0,0,Hypothalamus_traject_1P10:ATTGGACGTTGCTCCTx,0,1,0,0,0
1,0,0,0,0,0,0,0,0,0,0,0,0,0,0,1,0,0,0,0,0,0,0,1,0,0,0,0,0,0,0,0,0,1,0,1,0,0,0,0,0,0,0,0,0,0,0,0,0,0,1,0,Hypothalamus_traject_1P10:GACACGCAGATATGGTx,0,1,0,0,0
1,1,0,0,0,0,0,0,0,0,0,0,0,0,0,1,0,0,1,0,0,0,0,1,1,0,0,0,0,0,0,1,1,1,0,0,1,0,0,0,1,0,0,0,0,0,0,0,0,1,0,0,Hypothalamus_traject_1P10:CGTAGCGGTAAACGCGx,0,1,0,0,0
0,1,0,0,0,0,0,0,0,0,0,0,0,0,0,1,1,0,1,0,0,0,0,0,1,0,0,0,0,0,1,0,0,0,0,0,0,0,0,0,0,0,0,1,0,0,0,0,0,0,0,0,Hypothalamus_traject_1P10:GTGAAGGAGCCACCTGx,0,1,0,0,0
1,1,0,0,0,0,0,0,0,0,0,0,0,0,0,1,0,1,0,0,0,0,0,1,0,0,0,0,0,0,0,1,0,0,0,0,1,0,0,0,0,0,0,1,0,0,0,0,0,0,0,0,Hypothalamus_traject_1P10:AGGGTGACAGGACCCTx,0,1,0,0,0
1,0,0,0,1,0,1,0,0,0,0,0,0,0,0,1,0,0,0,0,0,1,0,1,0,0,0,0,1,0,0,1,1,1,0,0,1,0,0,0,1,0,0,0,0,0,0,0,0,0,0,0,Hypothalamus_traject_1P10:AGCTCCTGTACAGTTCx,0,1,0,0,0
1,0,0,1,0,0,0,0,0,0,0,0,0,0,0,1,0,1,1,1,1,0,0,1,0,1,0,0,0,0,0,0,0,1,0,1,0,0,0,0,1,0,0,0,1,0,1,0,0,0,0,0,Hypothalamus_traject_1P10:AAAGATGCACGTCTCTx,0,1,0,0,0
1,1,0,0,0,0,0,0,0,0,0,0,0,0,0,1,0,1,0,0,0,0,0,1,0,1,0,0,0,0,1,1,0,0,0,1,0,0,0,0,0,0,0,0,0,1,0,0,0,0,0,0,Hypothalamus_traject_1P10:ACTGCTCGTACCCAATx,0,1,0,0,0
0,1,0,0,0,0,0,0,0,0,0,0,0,0,0,1,1,0,1,1,0,0,1,1,1,1,1,0,0,0,0,0,1,0,0,0,0,1,0,0,0,0,0,1,0,0,1,0,0,0,0,0,Hypothalamus_traject_1P10:TCGAGGCTCTCTGTCGx,0,1,0,0,0
0,1,0,0,0,0,0,0,0,0,0,0,0,0,0,1,0,0,1,0,1,0,0,1,0,0,0,0,0,0,0,1,1,1,0,0,0,0,0,1,0,0,0,1,0,1,0,0,0,0,0,0,Hypothalamus_traject_1P10:CCACGGATCGACAGCCx,0,1,0,0,0
1,0,0,0,0,0,0,0,0,0,0,0,0,0,0,1,0,1,0,1,0,0,0,1,0,0,0,1,0,0,0,0,1,0,0,0,0,0,0,0,0,0,0,1,0,1,0,0,1,0,0,0,Hypothalamus_traject_1P10:TGTCCCAAGGCAGGTTx,0,1,0,0,0
0,0,0,0,0,0,0,0,0,0,0,0,0,0,0,1,1,0,0,0,0,0,1,1,1,0,0,0,0,0,0,0,0,0,0,1,0,0,0,0,1,0,0,1,0,1,0,0,0,0,0,0,Hypothalamus_traject_1P10:GGAGCAACATGGAATAx,0,1,0,0,0
1,1,0,0,0,0,0,0,0,0,0,0,0,0,0,1,0,0,0,0,0,0,0,1,0,0,0,0,0,0,0,1,0,1,0,0,1,0,1,0,0,0,0,0,0,0,0,0,0,0,0,0,Hypothalamus_traject_1P10:CGTGTCTGTTAAGGGCx,0,1,0,0,0
0,0,0,0,0,0,0,0,0,0,0,0,0,0,0,1,1,0,0,1,0,0,0,1,1,1,0,0,0,0,0,0,1,0,0,0,0,0,0,0,0,0,0,1,0,0,1,0,1,0,0,0,Hypothalamus_traject_1P10:CATGGCGTCAAACCGTx,0,1,0,0,0
0,1,0,0,0,0,0,0,0,0,0,0,0,0,0,0,1,0,0,1,0,0,0,1,0,0,0,0,0,0,0,1,0,1,0,1,0,0,0,0,0,0,0,1,0,0,0,0,0,0,0,0,Hypothalamus_traject_1P10:TGCGGGTAGACCGGATx,0,1,0,0,0
1,0,0,0,0,0,0,0,0,0,0,0,0,0,0,1,0,1,1,0,0,0,0,0,1,0,0,0,0,0,0,0,0,0,0,0,1,0,0,0,0,0,0,1,0,0,0,0,0,0,0,0,Hypothalamus_traject_1P10:ACGATGTGTCGCGTGTx,0,1,0,0,0
0,1,0,0,0,1,0,0,0,0,0,0,0,0,0,1,1,0,1,0,0,0,0,1,0,0,0,0,0,0,0,1,0,1,0,0,0,0,0,1,0,0,0,1,0,0,0,0,0,0,0,0,Hypothalamus_traject_1P10:GGGAATGTCAAAGTAGx,0,1,0,0,0
0,0,0,1,0,0,0,0,0,0,0,0,0,0,0,0,1,0,0,1,0,0,0,1,1,0,0,0,0,0,1,0,0,0,1,1,0,0,0,0,0,0,0,1,0,1,0,0,0,0,0,0,Hypothalamus_traject_1P10:TTCGAAGTCCTATTCAx,0,1,0,0,0
1,1,0,0,0,0,0,1,0,0,0,0,0,0,0,1,0,1,1,0,0,0,1,1,0,0,0,0,0,0,0,1,0,0,0,0,1,0,1,0,0,0,0,1,0,1,0,0,0,0,0,0,Hypothalamus_traject_1P10:ATGAGGGAGGACGAAAx,0,1,0,0,0
1,1,0,0,0,1,0,1,0,0,0,0,0,0,0,1,0,0,0,0,0,0,0,1,0,0,0,0,0,0,0,1,1,0,0,0,1,1,1,0,0,0,0,1,0,0,0,0,0,0,0,0,Hypothalamus_traject_1P10:TTCTCCTCACATCCGGx,0,1,0,0,0
1,1,0,0,0,0,0,0,1,0,0,0,0,0,0,1,0,1,0,0,0,1,0,0,0,1,0,0,0,0,0,1,1,0,0,0,0,0,1,0,0,0,0,1,0,1,0,0,0,1,0,0,Hypothalamus_traject_1P10:TTTGTCAAGACTCGGAx,0,1,0,0,0
0,1,0,1,0,0,0,0,0,0,0,0,0,0,0,0,1,0,1,0,0,0,0,1,1,0,0,0,0,0,0,0,0,0,1,0,0,0,1,0,0,0,0,1,0,0,0,0,0,0,0,0,Hypothalamus_traject_1P10:CCTAAAGCATGCAACTx,0,1,0,0,0
1,0,0,0,0,1,0,0,0,0,0,0,0,0,0,1,0,1,0,0,0,1,0,1,0,0,0,0,0,0,1,1,1,1,1,0,0,0,0,0,0,0,0,1,0,0,0,0,0,0,0,0,Hypothalamus_traject_1P10:GTGCATAGTTCGTGATx,0,1,0,0,0
1,0,0,0,0,0,0,0,0,0,0,0,0,0,0,1,0,0,0,0,0,0,0,1,1,0,0,0,0,0,1,1,0,0,0,0,0,0,0,0,1,0,0,1,0,0,0,0,0,0,0,0,Hypothalamus_traject_1P10:CCCAGTTTCCACGTTCx,0,1,0,0,0
0,0,0,0,0,0,0,0,0,0,0,0,0,0,0,1,1,0,0,1,0,0,0,1,1,1,0,0,0,0,1,1,0,1,0,0,0,0,0,0,0,0,0,1,0,0,0,0,0,0,0,0,Hypothalamus_traject_1P10:GAAATGAGTGGTTTCAx,0,1,0,0,0
1,1,0,0,0,0,0,0,0,0,0,0,0,0,0,1,0,1,1,0,1,0,0,1,1,0,1,0,0,0,1,1,0,0,0,0,0,0,0,0,0,0,0,1,1,0,0,0,0,0,0,0,Hypothalamus_traject_1P10:CTGCTGTGTATAGTAGx,0,1,0,0,0
0,1,0,0,0,0,0,0,0,0,0,0,0,0,0,1,1,0,0,0,0,0,0,1,0,0,0,0,0,1,1,0,0,0,0,0,0,0,0,0,0,0,0,1,0,0,0,0,0,0,0,0,Hypothalamus_traject_1P10:CCTCTGAAGACAAGCCx,0,1,0,0,0
1,0,0,0,0,0,0,0,0,0,0,0,0,0,0,1,1,0,0,1,0,0,0,1,1,1,0,0,0,0,1,0,0,0,0,0,0,0,1,1,0,0,0,1,0,0,0,0,0,0,0,0,Hypothalamus_traject_1P10:TGTGGTATCTTCTGGCx,0,1,0,0,0
1,1,0,1,0,0,0,0,0,0,0,0,0,0,0,0,1,0,1,0,0,0,0,1,0,0,0,0,0,0,1,1,0,1,0,0,0,0,0,0,0,0,0,1,0,0,0,0,0,0,0,0,Hypothalamus_traject_1P10:CGTCAGGTCGGTTAACx,0,1,0,0,0
1,1,0,0,0,0,0,0,0,0,0,0,0,0,0,1,0,0,0,0,1,0,1,1,1,0,0,0,0,0,1,0,1,1,0,0,0,0,0,0,0,0,0,1,0,0,0,0,0,0,0,0,Hypothalamus_traject_1P10:TCACAAGTCACTCTTAx,0,1,0,0,0
1,0,1,0,1,0,0,1,0,1,0,1,0,0,0,0,0,0,0,0,0,0,0,1,1,1,1,0,0,0,1,1,1,0,0,0,0,1,0,0,0,0,0,1,0,1,0,1,0,0,0,0,Hypothalamus_traject_P23:CAGATCAAGACCGGATx,1,0,0,0,0
1,1,1,0,1,1,0,1,1,0,0,1,1,0,0,0,0,1,0,1,0,0,0,0,1,0,0,0,0,0,1,1,0,0,0,1,0,1,0,0,0,0,0,1,0,0,0,0,0,0,0,0,Hypothalamus_traject_P23:ACCAGTAGTACCATCAx,1,0,0,0,0
0,0,0,1,0,0,0,0,0,0,0,1,0,0,0,0,0,0,0,0,0,0,0,0,0,0,1,0,0,0,1,0,1,0,0,1,1,0,0,0,0,0,0,0,0,0,1,0,0,0,0,0,Hypothalamus_traject_P23:AGCGGTCGTACTTGACx,1,0,0,0,0
0,0,1,1,0,1,0,0,0,1,0,0,0,0,0,0,0,0,0,0,0,0,0,0,0,0,0,0,1,0,1,1,0,0,0,0,1,0,0,0,0,0,0,1,1,0,0,0,1,0,0,0,Hypothalamus_traject_P23:GCTGCTTAGAGGTAGAx,1,0,0,0,0
0,0,1,0,0,0,1,0,0,0,0,0,0,0,0,0,0,0,0,0,0,0,0,0,0,0,0,0,0,0,0,1,0,0,0,0,0,0,0,0,0,0,0,1,0,0,1,0,0,0,0,0,Hypothalamus_traject_P23:AGGGATGGTATAATGGx,1,0,0,0,0
1,1,0,0,0,0,0,1,0,0,0,0,0,0,0,0,0,1,0,0,1,0,0,1,1,0,0,0,0,0,1,1,1,0,0,0,0,0,0,0,0,0,0,1,0,1,0,0,0,0,0,0,Hypothalamus_traject_P23:GACCAATCATCACGATx,1,0,0,0,0
1,1,1,0,0,0,1,1,1,0,1,0,0,0,1,1,0,1,0,0,0,0,0,0,0,1,0,0,0,0,1,1,0,0,0,0,1,0,0,0,0,0,0,1,0,0,1,0,0,1,0,0,Hypothalamus_traject_P23:AGGGAGTAGATACACAx,1,0,0,0,0
1,0,1,0,0,0,1,0,1,0,0,0,0,0,0,1,0,0,0,0,0,0,0,0,1,0,1,0,0,0,1,1,1,0,0,0,0,1,0,0,0,0,0,1,1,0,1,0,0,0,0,0,Hypothalamus_traject_P23:TTTACTGGTAGCTGCCx,1,0,0,0,0
1,0,1,0,0,0,0,0,0,0,0,0,0,0,0,1,0,1,0,0,1,0,0,0,0,0,1,1,0,0,1,1,0,0,0,0,0,0,1,0,0,0,0,1,0,0,1,0,0,0,0,0,Hypothalamus_traject_P23:AGAGCTTGTTCCACGGx,1,0,0,0,0
0,1,1,1,0,1,1,0,0,0,0,0,0,0,0,1,0,0,0,0,0,0,0,1,0,0,1,0,0,0,1,1,1,0,0,0,0,0,0,0,0,0,0,1,0,0,1,0,0,0,0,0,Hypothalamus_traject_P23:CATATTCAGAAACGAGx,1,0,0,0,0
1,0,1,0,0,0,0,0,0,0,0,0,0,0,0,0,0,0,0,0,0,0,0,0,1,1,0,0,0,0,0,1,1,0,0,0,0,0,1,0,0,0,0,0,0,0,0,0,0,0,0,0,Hypothalamus_traject_P23:CCTTCGACATCGATGTx,1,0,0,0,0
1,1,0,1,0,0,0,0,0,1,0,0,0,0,0,1,0,0,0,0,1,0,0,1,0,0,0,0,0,0,0,1,0,0,0,0,0,0,1,0,0,0,0,1,0,0,1,0,0,0,0,0,Hypothalamus_traject_P23:CTTAACTAGCGTAGTGx,1,0,0,0,0
0,1,1,0,0,0,0,0,0,0,0,0,0,0,0,0,0,0,0,0,1,0,1,1,0,0,0,0,0,0,0,1,0,0,0,0,0,0,0,0,0,0,0,1,0,1,0,0,0,0,0,0,Hypothalamus_traject_P23:TGTGGTACATTCGACAx,1,0,0,0,0
1,0,0,0,0,0,0,0,0,0,0,0,0,0,0,1,0,1,0,0,0,0,0,0,0,0,1,0,0,0,1,0,1,0,0,1,0,0,0,0,0,0,0,1,0,0,0,0,0,0,0,0,Hypothalamus_traject_P23:AGTTGGTTCTGTTTGTx,1,0,0,0,0
1,0,0,0,0,1,0,0,0,0,0,0,0,0,0,1,0,0,0,0,0,0,0,0,0,0,0,0,0,0,0,1,0,0,0,0,0,0,0,0,0,0,0,0,0,0,1,0,0,0,0,0,Hypothalamus_traject_P23:CCAGCGAAGGGTTCCCx,1,0,0,0,0
1,0,1,0,1,0,0,1,1,0,0,0,0,0,0,0,0,1,0,0,0,0,0,0,0,0,0,0,0,0,1,1,1,0,0,0,0,0,1,0,0,0,0,1,1,0,1,0,1,0,0,0,Hypothalamus_traject_P23:TCGCGTTCAATGTTGCx,1,0,0,0,0
1,1,1,0,0,0,0,0,0,0,1,0,0,0,0,0,0,0,0,0,0,0,0,0,0,1,0,0,0,0,1,0,1,0,0,0,0,0,0,0,0,0,0,1,0,0,0,0,0,0,0,0,Hypothalamus_traject_P23:GGAAAGCGTTCAACCAx,1,0,0,0,0
1,1,0,0,0,1,0,0,0,0,1,0,0,0,0,1,0,0,0,0,0,0,0,0,0,0,1,0,0,0,0,1,0,0,0,0,0,0,0,0,0,0,0,1,0,0,0,0,0,1,0,0,Hypothalamus_traject_P23:ACATGGTGTCTAGTCAx,1,0,0,0,0
1,1,1,0,1,0,0,1,1,0,0,0,0,0,0,0,0,0,0,0,0,0,0,1,1,0,0,0,0,0,1,1,1,0,0,0,0,0,0,0,0,0,0,1,0,0,0,0,0,0,0,0,Hypothalamus_traject_P23:ACCTTTAGTAAGTAGTx,1,0,0,0,0
1,1,0,0,1,0,0,0,0,0,0,0,0,0,0,1,0,0,0,0,1,0,0,0,0,0,0,0,0,0,1,1,0,0,0,0,0,0,1,0,0,0,0,1,0,0,0,0,0,0,0,0,Hypothalamus_traject_P23:GCTGGGTGTACCGAGAx,1,0,0,0,0
1,1,0,0,0,0,0,0,0,0,0,0,0,0,0,1,0,0,0,0,0,0,0,1,0,0,0,0,0,0,1,1,0,0,0,0,0,0,0,0,0,0,0,1,0,0,0,0,0,0,0,0,Hypothalamus_traject_P23:GACTACAAGTGTCTCAx,1,0,0,0,0
1,0,0,1,0,0,0,0,0,0,0,0,0,0,0,0,0,0,0,0,1,0,0,1,0,0,0,0,0,0,1,1,0,0,0,0,0,0,0,0,0,0,0,1,0,0,0,0,0,0,0,0,Hypothalamus_traject_P23:TAAGTGCTCCACGACGx,1,0,0,0,0
1,1,0,0,0,1,0,0,0,0,0,0,0,0,0,1,0,0,0,0,0,0,0,1,1,0,0,0,0,0,1,1,1,0,0,0,0,0,0,0,0,0,0,1,0,0,0,0,0,0,0,0,Hypothalamus_traject_P23:CTCTACGGTTACAGAAx,1,0,0,0,0
1,1,0,0,0,0,0,0,0,0,0,0,0,0,0,0,0,0,0,1,0,0,1,1,0,0,0,0,0,0,1,1,1,0,0,0,0,0,0,0,0,0,0,1,0,0,0,0,1,0,0,0,Hypothalamus_traject_P23:AGTGAGGTCTTGTCATx,1,0,0,0,0
1,1,1,1,1,1,0,1,1,0,0,0,0,0,0,0,0,0,0,1,0,1,0,1,0,0,0,0,0,0,0,1,1,1,0,1,0,0,1,0,0,0,0,0,0,0,0,0,1,0,1,0,Hypothalamus_traject_P10:CACCTTGAGCCATCGCx,1,0,0,0,0
0,1,1,1,0,0,0,0,0,0,0,0,0,0,0,0,0,0,0,0,0,0,0,0,1,0,0,0,0,0,0,1,1,1,0,0,0,0,1,0,0,1,0,1,0,0,1,0,0,0,0,0,Hypothalamus_traject_P10:ATTGGTGCATGTAAGAx,1,0,0,0,0
1,1,1,1,0,1,1,1,0,1,0,0,0,0,0,1,0,0,0,1,0,0,1,1,0,0,1,0,0,0,0,1,1,0,1,0,0,1,1,0,0,0,0,1,0,1,0,0,0,1,0,1,Hypothalamus_traject_P10:TCATTTGAGATATGGTx,1,0,0,0,0
0,1,1,0,0,0,0,0,0,0,0,0,0,0,0,0,0,1,0,0,0,0,1,1,1,1,0,0,0,0,0,1,1,1,0,0,0,1,0,0,0,0,0,0,0,0,0,0,0,0,0,0,Hypothalamus_traject_P10:ATTTCTGCAGTGGGATx,1,0,0,0,0
1,1,0,0,0,0,0,1,0,0,0,1,0,0,0,1,0,1,0,0,0,0,0,1,1,1,0,0,0,0,0,1,1,0,0,0,0,0,1,0,0,0,0,1,0,0,1,0,0,0,0,0,Hypothalamus_traject_P10:TGTCCCAAGTTGAGATx,1,0,0,0,0
0,1,1,0,1,1,1,0,0,0,0,0,0,1,0,0,0,0,0,0,0,0,1,1,0,0,1,0,0,0,0,0,1,0,0,0,0,0,1,0,0,0,0,0,0,1,1,1,0,0,0,0,Hypothalamus_traject_P10:ATAAGAGAGTCAAGCGx,1,0,0,0,0
1,1,0,1,0,0,0,0,0,0,0,0,0,0,0,0,0,0,0,0,1,0,1,1,0,0,0,0,0,0,1,1,0,0,0,0,0,0,0,0,0,0,0,1,0,0,1,0,0,0,0,0,Hypothalamus_traject_P10:TGGGAAGTCATGCTCCx,1,0,0,0,0
1,1,1,1,0,0,0,1,0,0,0,0,0,0,0,1,0,1,0,0,1,1,1,0,1,0,0,1,0,0,0,1,1,1,0,0,0,0,0,0,0,0,0,1,0,0,0,0,0,0,0,0,Hypothalamus_traject_P10:GTCTTCGCAGTATCTGx,1,0,0,0,0
0,1,0,0,0,1,0,1,0,0,0,0,0,0,0,1,0,1,0,1,1,0,1,0,1,0,0,0,0,0,0,1,0,0,0,0,0,0,0,0,0,0,0,1,0,1,0,0,1,0,0,1,Hypothalamus_traject_P10:GGTGAAGTCTCTTATGx,1,0,0,0,0
1,1,1,0,1,1,0,0,1,1,0,0,0,0,0,1,0,1,0,0,0,0,1,1,1,0,0,0,0,0,0,1,1,0,1,1,0,0,0,0,0,0,0,1,1,0,0,0,0,0,0,0,Hypothalamus_traject_P10:TTAACTCTCAGTTTGGx,1,0,0,0,0
1,1,0,1,0,0,0,0,0,0,0,0,0,0,0,1,0,0,0,1,0,0,0,0,0,0,0,0,0,0,1,1,0,0,1,1,0,0,1,0,0,0,0,0,0,0,1,1,0,1,0,0,Hypothalamus_traject_P10:GCAGTTAAGCAGACTGx,1,0,0,0,0
1,1,0,1,1,0,0,0,1,0,0,0,0,0,0,1,0,0,0,0,0,0,0,1,0,0,0,0,0,0,1,0,1,0,0,0,0,1,0,0,0,0,0,0,1,1,0,0,0,0,1,0,Hypothalamus_traject_P10:GGGCATCGTCCGTGACx,1,0,0,0,0
1,1,0,1,1,0,0,1,1,0,0,0,1,0,0,0,0,1,0,0,0,0,0,1,1,1,0,0,0,0,1,1,1,1,1,0,0,1,1,0,0,0,0,1,1,1,0,0,0,0,0,0,Hypothalamus_traject_P10:ACTGAGTTCGTTACAGx,1,0,0,0,0
0,1,1,1,1,1,0,0,0,1,0,0,0,0,0,0,0,0,0,0,0,0,1,0,0,1,0,0,0,0,1,0,1,0,0,0,0,0,0,0,0,0,0,1,0,0,0,0,0,0,0,0,Hypothalamus_traject_P10:CGGACACGTCAGATAAx,1,0,0,0,0
1,1,0,1,1,0,0,0,1,0,0,0,0,0,0,1,0,1,0,0,1,0,0,1,0,0,0,0,0,0,0,0,0,0,0,1,0,0,1,1,0,0,0,1,0,1,1,0,1,0,0,0,Hypothalamus_traject_P10:TGAGAGGAGCACCGTCx,1,0,0,0,0
1,1,1,1,1,1,1,1,0,1,0,0,1,0,0,1,0,1,0,0,0,0,1,0,1,0,0,0,0,0,1,0,1,0,0,1,0,0,1,0,0,0,0,0,0,0,1,0,0,0,0,0,Hypothalamus_traject_P10:TTTACTGGTGGGTATGx,1,0,0,0,0
1,1,0,1,0,0,0,0,0,0,0,0,0,0,0,0,0,0,0,0,0,0,0,1,0,0,0,0,0,0,0,1,1,1,0,0,0,1,1,0,0,0,0,1,0,0,1,0,0,1,0,0,Hypothalamus_traject_P10:TACTTGTTCTCCGGTTx,1,0,0,0,0
1,1,1,0,0,1,0,1,0,0,1,0,1,0,0,0,0,0,0,0,0,0,0,1,0,0,0,0,0,0,1,1,1,0,0,0,1,0,1,0,0,0,0,1,0,0,0,1,0,0,0,0,Hypothalamus_traject_P10:AGGCCACCAATAGAGTx,1,0,0,0,0
1,1,1,1,1,1,0,0,0,0,0,0,0,0,1,1,0,1,0,0,0,0,0,1,1,0,0,1,0,0,0,1,1,0,0,1,0,0,1,0,0,0,0,1,0,1,1,1,1,0,0,0,Hypothalamus_traject_P10:AAAGCAACATGGAATAx,1,0,0,0,0
0,1,0,1,1,0,1,0,0,0,0,0,0,0,0,1,0,1,0,0,0,0,1,1,0,0,0,0,0,0,1,0,1,0,0,0,0,0,1,0,0,0,0,1,0,0,0,0,0,0,0,0,Hypothalamus_traject_P10:CGAATGTTCTAACTCTx,1,0,0,0,0
1,1,1,0,1,0,0,0,0,0,0,0,0,0,0,1,0,1,0,0,1,0,0,1,0,0,1,0,0,0,1,1,1,0,0,1,0,0,0,0,0,0,0,1,0,0,1,0,0,0,1,0,Hypothalamus_traject_P10:GTAGGCCTCCCACTTGx,1,0,0,0,0
1,1,1,1,1,0,0,1,0,0,0,0,0,0,0,0,0,0,0,1,0,0,0,0,1,0,0,0,1,0,1,1,0,0,0,0,0,0,0,0,0,0,0,1,1,1,1,0,0,0,0,0,Hypothalamus_traject_P10:CTACACCGTGAGGGTTx,1,0,0,0,0
1,1,1,0,0,1,0,0,0,0,0,0,0,0,0,0,0,0,0,1,1,0,0,1,1,0,1,1,0,0,1,1,1,0,0,0,1,1,0,0,0,0,0,1,0,1,0,0,0,0,0,0,Hypothalamus_traject_P10:TGACTAGTCAGTCAGTx,1,0,0,0,0
1,1,0,1,0,1,0,0,0,0,0,0,0,0,0,1,0,0,0,0,0,0,1,1,1,0,0,0,0,0,0,1,1,0,1,0,0,0,0,0,0,0,0,1,0,0,1,0,1,1,0,0,Hypothalamus_traject_P10:CGGACACCAAGTACCTx,1,0,0,0,0
1,1,1,1,1,0,0,0,1,0,0,0,0,0,0,0,1,0,0,0,1,0,0,1,1,0,0,1,0,0,0,1,1,1,0,0,0,0,0,0,0,0,0,1,0,0,1,0,1,0,0,0,Hypothalamus_traject_P10:TGACTTTCACGGTTTAx,1,0,0,0,0
1,1,0,0,1,0,0,0,0,0,0,0,0,0,0,0,0,1,0,0,1,0,0,1,0,0,0,1,0,0,0,1,1,0,0,0,0,0,0,0,0,0,0,1,0,1,0,1,0,0,0,0,Hypothalamus_traject_P10:TTTATGCTCACCATAGx,1,0,0,0,0
1,1,0,1,0,0,0,0,0,0,0,0,0,0,0,1,0,0,0,0,0,0,1,1,0,0,0,0,0,0,0,1,0,1,0,0,0,0,0,0,0,0,0,1,0,0,1,0,1,0,0,0,Hypothalamus_traject_P10:AATCGGTAGCCTTGATx,1,0,0,0,0
0,1,0,1,1,1,1,0,0,0,0,0,0,0,0,0,0,0,0,0,0,0,0,0,0,1,0,0,0,0,0,0,1,1,0,1,0,0,0,0,0,0,0,1,0,0,1,0,0,1,0,1,Hypothalamus_traject_P10:TCAGATGTCTCACATTx,1,0,0,0,0
1,1,0,1,0,1,0,0,0,0,0,0,0,0,0,1,0,0,0,0,0,0,1,1,0,0,0,0,0,0,0,1,0,1,1,0,0,0,0,0,0,0,0,1,0,0,1,0,0,1,0,0,Hypothalamus_traject_P10:GTCGTAAAGAGCTGCAx,1,0,0,0,0
1,1,1,0,1,0,1,0,0,0,0,1,0,0,0,0,0,0,0,0,0,0,0,1,0,0,0,0,0,0,1,1,0,0,0,0,0,0,0,0,0,0,0,1,0,1,0,0,1,0,0,0,Hypothalamus_traject_P10:TAAGCGTCACACTGCGx,1,0,0,0,0
1,1,1,0,0,1,0,0,0,1,1,0,0,0,0,0,0,0,0,0,0,0,0,1,1,0,0,0,0,0,0,1,1,1,0,0,0,1,0,0,0,0,1,1,0,0,1,1,1,0,0,0,Hypothalamus_traject_P10:CACCAGGGTTCCAACAx,1,0,0,0,0
1,1,1,0,0,0,0,0,0,0,0,0,0,0,0,0,0,0,1,0,0,0,0,1,1,0,0,0,0,0,1,1,1,0,0,0,0,0,0,0,0,0,0,1,0,0,0,0,1,0,0,0,Hypothalamus_traject_P10:TGAAAGAAGGTGATTAx,1,0,0,0,0
1,1,1,1,0,0,0,1,0,0,0,0,0,0,0,0,0,1,0,0,0,0,0,0,1,0,0,0,0,0,1,0,0,1,0,0,0,0,0,0,0,0,0,1,0,0,0,0,1,0,0,0,Hypothalamus_traject_P10:GGGTCTGGTAGTGAATx,1,0,0,0,0
1,1,0,1,0,0,0,0,1,0,0,0,0,0,0,1,0,0,0,0,0,0,0,1,0,0,0,0,0,0,1,1,0,0,0,0,0,0,0,0,0,0,0,1,0,0,0,0,0,1,0,0,Hypothalamus_traject_P10:GCGCGATTCAGCCTAAx,1,0,0,0,0
0,1,1,1,0,0,1,0,0,0,0,0,1,0,0,0,0,0,0,0,0,0,1,0,0,0,0,0,0,0,0,1,0,0,0,1,1,0,0,0,0,0,0,0,0,1,0,0,0,0,0,0,Hypothalamus_traject_P10:TTCTACAAGCCAGGATx,1,0,0,0,0
1,1,0,1,1,1,0,0,1,0,0,0,0,0,0,0,0,1,0,0,0,0,0,0,0,0,0,0,0,0,0,0,1,0,0,0,0,0,0,0,0,0,0,1,1,0,0,0,1,0,0,0,Hypothalamus_traject_P10:ATTACTCCAGCATACTx,1,0,0,0,0
1,1,0,0,1,1,1,1,1,0,0,0,0,0,0,0,0,0,0,0,0,0,0,1,0,1,0,0,0,0,0,1,0,0,0,0,0,0,1,0,0,0,0,1,1,0,1,0,0,0,0,0,Hypothalamus_traject_P10:TCGCGTTGTGAGGCTAx,1,0,0,0,0
1,1,1,0,0,1,1,1,1,0,0,1,1,0,0,1,0,0,0,1,0,0,0,1,0,0,0,0,0,0,0,1,1,0,0,0,0,0,1,0,0,0,0,1,1,0,0,1,0,0,0,0,Hypothalamus_traject_P10:GCTCCTACAAACTGCTx,1,0,0,0,0
0,1,1,1,1,1,0,0,0,0,0,1,0,1,0,1,0,1,0,0,0,0,0,1,0,0,0,0,0,0,0,0,0,0,0,0,0,0,1,0,0,0,0,1,0,0,0,0,0,0,0,0,Hypothalamus_traject_P10:TTCTACATCGAACTGTx,1,0,0,0,0
0,0,1,1,0,0,0,0,0,0,0,0,0,0,0,1,0,0,0,0,0,0,0,1,1,0,0,0,0,0,1,0,1,0,0,0,0,0,0,0,0,0,0,1,0,0,0,0,0,0,0,0,Hypothalamus_traject_P10:CAGAGAGTCATTATCCx,1,0,0,0,0
1,1,0,1,0,0,0,1,1,0,0,1,0,0,0,0,0,0,0,0,0,0,0,0,1,1,0,0,0,0,1,1,1,0,0,0,0,0,0,0,0,0,0,1,0,0,1,0,1,0,0,0,Hypothalamus_traject_P10:GCTGCGAAGTGGGATCx,1,0,0,0,0
1,1,1,0,1,0,0,0,1,0,0,0,0,0,0,1,0,0,0,0,0,0,0,1,1,0,0,0,0,0,1,1,1,1,0,0,0,0,0,0,0,0,0,1,0,0,0,0,0,0,0,0,Hypothalamus_traject_P10:CTCGAAAAGCGTAATAx,1,0,0,0,0
1,0,1,1,1,0,1,0,0,0,0,0,0,1,0,0,0,0,0,0,0,0,0,1,1,1,0,0,0,0,0,0,1,0,0,0,0,0,0,0,0,0,0,1,0,1,0,1,0,0,0,0,Hypothalamus_traject_P10:GGAAAGCGTTGTACACx,1,0,0,0,0
1,0,0,0,0,0,1,1,0,0,0,1,0,0,0,0,0,0,0,0,0,0,0,1,1,0,0,0,0,0,0,1,1,0,0,0,0,0,0,1,0,0,0,0,0,0,1,0,0,0,0,0,Hypothalamus_traject_P10:TCTCTAACATCACAACx,1,0,0,0,0
1,1,1,0,1,0,0,0,0,0,0,0,0,0,0,0,0,0,0,0,0,0,0,0,0,0,0,0,1,0,1,1,1,0,0,1,1,0,0,0,0,0,0,1,0,0,0,0,0,0,0,0,Hypothalamus_traject_P10:TATGCCCCATGGTTGTx,1,0,0,0,0
1,1,0,0,0,0,0,0,0,0,0,0,0,0,0,0,0,0,0,0,0,0,1,1,0,0,0,1,0,0,0,0,1,0,1,0,0,0,0,0,0,0,0,1,0,0,1,0,1,0,0,0,Hypothalamus_traject_P10:TGTTCCGCAGGTGGATx,1,0,0,0,0
0,1,0,1,0,0,0,0,0,0,0,0,0,0,0,1,0,1,0,0,0,0,0,1,0,0,0,0,0,0,1,1,1,0,0,0,0,0,0,0,0,0,0,1,0,0,0,0,1,0,0,0,Hypothalamus_traject_P10:AGTGTCATCTGAAAGAx,1,0,0,0,0
0,1,0,1,0,0,0,0,0,0,0,0,0,0,0,1,0,0,0,0,0,0,0,1,0,0,0,0,0,0,1,0,0,0,0,0,0,0,1,0,0,0,0,1,1,0,1,0,0,0,0,0,Hypothalamus_traject_P10:CGTCTACGTACCGGCTx,1,0,0,0,0
1,1,0,1,0,0,0,0,1,0,0,0,0,0,0,0,0,1,0,0,0,0,0,0,1,0,0,0,0,0,0,1,1,0,1,0,0,0,1,0,0,0,0,0,0,0,0,0,1,0,0,0,Hypothalamus_traject_P10:GTATTCTAGCAACGGTx,1,0,0,0,0
0,1,0,0,0,0,0,1,0,0,0,0,0,0,1,0,0,0,0,0,0,0,0,0,0,1,0,0,0,0,0,0,0,0,0,0,0,0,1,0,1,0,0,1,0,0,1,0,0,0,0,0,Hypothalamus_traject_P10:CTGTGCTGTGCAGGTAx,1,0,0,0,0
1,1,0,1,0,0,0,0,0,0,0,0,0,0,0,0,0,0,0,0,0,0,0,1,0,0,0,0,0,0,1,1,0,1,0,0,0,0,0,0,0,0,0,1,0,0,0,0,0,0,0,0,Hypothalamus_traject_P10:TTCGAAGTCCAAGTACx,1,0,0,0,0
0,1,0,0,0,0,0,1,0,0,0,0,0,0,1,0,0,0,0,0,0,0,0,0,0,0,0,0,0,0,1,0,1,0,0,0,0,0,0,0,0,0,0,1,0,0,1,0,1,0,0,0,Hypothalamus_traject_P10:CGTTCTGGTATAGGGCx,1,0,0,0,0
1,1,1,0,1,0,0,0,0,0,0,0,0,0,0,0,0,0,0,0,0,0,0,1,1,0,0,0,0,0,1,1,0,0,0,0,0,0,0,0,0,0,0,1,0,0,0,0,0,0,0,0,Hypothalamus_traject_P10:GGTGAAGCATCTCCCAx,1,0,0,0,0
1,1,0,0,1,0,1,0,0,0,0,0,0,0,0,0,0,0,0,0,0,0,0,0,0,0,0,0,0,0,1,0,0,1,0,0,0,1,1,0,0,0,0,1,0,0,0,0,0,0,0,1,Hypothalamus_traject_P10:CCGTTCATCTCGCTTGx,1,0,0,0,0
1,1,0,0,0,0,0,0,0,0,0,0,0,0,0,0,0,0,0,0,0,0,0,1,0,0,0,0,0,0,1,1,0,0,0,0,0,0,1,0,0,0,0,1,0,0,0,0,0,0,0,0,Hypothalamus_traject_P10:GAGTCCGTCTAACTTCx,1,0,0,0,0
1,1,0,0,0,0,1,0,0,0,0,0,0,0,0,0,0,0,0,0,0,0,0,1,0,0,0,0,0,0,1,1,0,0,0,0,0,0,0,0,0,0,0,1,0,0,0,0,0,0,0,0,Hypothalamus_traject_P10:TACGGTATCGGTGTTAx,1,0,0,0,0
1,1,0,0,0,0,0,0,1,0,0,0,0,0,0,0,0,0,0,0,0,0,0,1,1,0,0,0,0,0,0,1,0,0,0,0,0,0,0,0,0,0,0,1,0,1,1,0,0,0,0,0,Hypothalamus_traject_P10:TTTGTCAGTACCGTATx,1,0,0,0,0
1,0,0,1,0,0,1,0,0,0,0,0,0,0,0,0,0,0,0,0,1,0,0,1,0,0,1,0,0,0,1,1,1,0,0,0,0,0,0,0,0,0,0,0,1,0,1,0,0,0,0,0,Hypothalamus_traject_P10:ACGGAGAGTCGCGTGTx,1,0,0,0,0
0,1,0,0,0,0,0,0,0,0,0,0,0,0,0,1,0,0,0,0,0,0,0,1,0,0,0,0,0,0,1,1,0,0,0,0,0,0,0,0,0,0,0,1,0,1,0,0,0,0,0,0,Hypothalamus_traject_P10:ACACCGGTCTGCAAGTx,1,0,0,0,0
1,1,1,0,1,1,0,0,0,0,0,0,0,0,0,1,0,0,1,0,0,0,0,1,0,0,0,0,0,0,0,1,0,1,0,0,0,0,0,0,0,0,0,0,0,0,0,1,0,0,0,0,Hypothalamus_traject_1P10:CATCAGAGTATAGGGCx,1,0,0,0,0
1,1,1,0,1,1,1,1,0,0,0,1,0,0,0,0,0,1,0,0,0,0,1,1,0,0,1,0,1,0,0,1,1,0,0,1,0,0,0,0,0,0,0,0,0,1,1,0,0,0,0,0,Hypothalamus_traject_1P10:CAGTAACGTCAGAATAx,1,0,0,0,0
1,1,1,1,0,1,1,0,0,0,0,0,1,1,0,1,0,1,0,0,0,0,0,0,0,0,0,0,0,0,0,0,0,0,0,1,0,0,0,0,0,0,0,0,0,1,0,1,0,0,0,1,Hypothalamus_traject_1P10:GTTCGGGTCCACTGGGx,1,0,0,0,0
1,1,0,0,0,1,0,1,0,0,0,0,0,0,1,0,1,1,0,0,0,0,0,1,0,0,0,0,0,0,0,1,1,1,0,0,0,0,0,1,0,0,0,0,1,0,0,0,0,0,0,0,Hypothalamus_traject_1P10:GCAGCCAGTATAGGGCx,1,0,0,0,0
1,1,1,0,0,1,0,0,0,0,0,0,0,0,0,0,0,0,0,0,0,0,1,1,1,0,0,0,0,0,1,1,1,0,0,0,1,0,0,0,0,0,0,0,0,0,1,0,0,0,0,0,Hypothalamus_traject_1P10:AGCGGTCAGCCAGTTTx,1,0,0,0,0
1,1,1,1,0,1,0,0,0,0,0,0,0,0,0,0,0,0,0,0,0,0,0,0,0,0,0,0,0,0,0,0,1,0,0,0,0,1,1,0,0,0,0,0,0,0,0,0,0,0,0,0,Hypothalamus_traject_1P10:GGGCACTTCGTGGGAAx,1,0,0,0,0
1,1,1,0,1,1,1,1,1,0,0,1,0,1,0,0,0,1,0,1,0,0,0,1,0,0,0,0,0,0,0,1,1,0,0,0,0,0,0,0,0,0,0,1,0,0,0,0,0,0,0,0,Hypothalamus_traject_1P10:GAACATCAGTTAAGTGx,1,0,0,0,0
1,1,1,0,1,1,0,0,0,0,0,0,1,0,0,1,0,1,0,1,0,0,0,1,0,0,0,0,0,0,0,1,0,0,0,0,1,0,1,1,0,0,0,0,0,0,0,1,0,1,0,0,Hypothalamus_traject_1P10:CTACCCAGTGTAATGAx,1,0,0,0,0
0,1,1,1,0,0,0,0,0,0,0,0,0,0,0,0,0,0,0,0,0,0,0,0,0,0,0,0,0,0,0,1,1,1,0,1,0,0,0,0,0,0,0,0,0,0,0,0,0,0,0,0,Hypothalamus_traject_1P10:GTGCTTCTCTTAACCTx,1,0,0,0,0
1,1,1,0,0,1,0,0,0,0,0,0,0,0,0,0,0,1,1,0,0,0,0,1,0,0,0,0,0,0,0,0,1,1,1,1,0,0,1,0,0,0,0,0,0,0,0,0,0,0,0,0,Hypothalamus_traject_1P10:CCCTCCTGTTCCACTCx,1,0,0,0,0
0,1,1,1,1,1,0,0,0,0,0,0,0,1,0,0,0,1,0,0,0,0,1,0,1,0,0,0,0,0,0,0,0,0,0,0,0,0,1,0,0,0,0,0,0,0,0,0,0,0,0,0,Hypothalamus_traject_1P10:CCGTTCAAGTTACCCAx,1,0,0,0,0
1,1,1,1,1,1,0,1,1,0,0,0,0,0,0,0,0,0,0,1,0,0,0,1,0,0,1,0,0,0,1,1,1,0,0,1,0,0,0,1,0,0,0,1,0,0,0,0,0,1,0,0,Hypothalamus_traject_1P10:GAAGCAGTCGCAAGCCx,1,0,0,0,0
0,1,0,0,0,0,0,0,0,0,0,0,0,0,0,0,0,1,0,0,0,0,0,0,1,0,1,0,0,0,0,1,1,1,0,1,1,0,0,0,0,0,0,0,0,0,0,0,0,0,0,0,Hypothalamus_traject_1P10:CCGTGGATCAGCTCTCx,1,0,0,0,0
1,1,1,0,0,1,0,0,0,0,0,0,0,0,0,0,0,1,0,0,0,1,0,0,0,0,0,0,0,0,0,1,1,1,0,0,0,1,0,0,0,0,0,0,0,0,1,1,0,0,0,0,Hypothalamus_traject_1P10:ATGGGAGCATTTGCCCx,1,0,0,0,0
1,1,1,0,1,1,1,0,0,0,0,0,0,0,0,0,0,0,0,0,0,0,0,1,0,0,1,1,0,0,0,0,1,0,0,0,0,0,1,0,0,0,0,1,0,1,0,0,0,0,0,0,Hypothalamus_traject_1P10:CAGAGAGTCTATCCCGx,1,0,0,0,0
0,1,0,1,0,1,0,0,0,0,0,0,0,0,0,0,0,0,0,0,0,0,0,1,0,0,0,0,0,0,0,0,0,0,0,1,1,0,0,0,0,0,0,1,0,0,0,0,0,1,0,0,Hypothalamus_traject_1P10:GTATCTTAGAATGTTGx,1,0,0,0,0
1,1,1,0,0,1,0,0,0,0,0,0,1,0,0,0,0,0,0,1,1,0,1,0,1,0,0,1,0,0,0,1,1,1,0,0,1,0,1,0,0,0,0,0,0,0,0,0,0,1,0,0,Hypothalamus_traject_1P10:TACAGTGTCCAAACTGx,1,0,0,0,0
1,1,1,0,1,1,0,0,0,0,0,0,0,0,0,1,0,1,0,0,0,0,0,1,1,0,0,0,0,0,0,0,1,1,0,1,0,1,0,0,0,0,0,1,0,0,0,0,0,0,0,0,Hypothalamus_traject_1P10:AACCGCGGTTAAGATGx,1,0,0,0,0
1,1,1,0,0,0,1,0,0,0,1,0,1,0,1,0,0,0,0,1,0,0,1,1,0,0,1,0,0,0,1,1,1,0,0,1,0,1,0,0,0,0,0,0,0,1,1,0,0,0,0,0,Hypothalamus_traject_1P10:TAGACCATCAGAAATGx,1,0,0,0,0
1,1,0,0,0,0,0,1,0,0,0,0,0,0,0,1,0,1,0,0,0,0,0,1,0,0,0,0,0,0,0,1,0,1,0,0,0,0,0,0,0,0,0,1,0,0,1,0,0,0,0,0,Hypothalamus_traject_1P10:TGAGCCGTCCGATATGx,1,0,0,0,0
1,1,1,0,1,1,0,0,1,0,0,0,0,0,0,0,0,0,0,0,0,0,0,0,0,0,0,0,0,0,0,1,0,1,0,1,1,0,0,0,0,0,0,0,0,1,0,0,0,0,0,0,Hypothalamus_traject_1P10:AGTCTTTAGTGGGCTAx,1,0,0,0,0
1,0,0,1,0,0,0,0,0,0,0,0,0,0,0,1,0,0,0,0,0,0,0,1,1,0,1,0,0,0,0,1,1,1,0,0,0,0,0,0,0,0,0,0,0,0,0,1,0,1,0,0,Hypothalamus_traject_1P10:TTCTACAAGTGTACTCx,1,0,0,0,0
1,1,0,1,0,0,0,0,0,0,0,0,0,0,0,0,0,1,0,0,0,0,0,0,0,0,0,0,0,0,0,0,1,0,0,1,0,0,1,0,0,0,0,1,0,1,1,0,0,0,0,0,Hypothalamus_traject_1P10:AAAGATGTCTCACATTx,1,0,0,0,0
1,1,0,1,1,0,1,0,0,0,0,0,0,0,0,1,0,1,0,0,0,0,1,0,0,0,0,0,0,0,0,0,0,1,0,0,0,0,0,0,0,0,0,0,0,0,1,0,0,0,0,0,Hypothalamus_traject_1P10:ACGAGGAAGTGGTAATx,1,0,0,0,0
1,1,1,1,1,0,0,0,0,0,0,0,0,0,1,1,0,1,0,1,0,0,0,1,0,0,0,0,0,0,0,1,0,0,0,0,0,0,1,0,0,0,0,1,0,1,0,0,0,0,0,0,Hypothalamus_traject_1P10:GTAACTGTCTACTCATx,1,0,0,0,0
1,1,0,1,1,0,0,0,0,0,0,0,0,0,0,1,0,1,0,0,0,0,0,0,0,0,0,0,0,0,1,0,0,0,0,0,0,0,1,0,0,0,0,0,0,0,0,0,1,0,0,0,Hypothalamus_traject_1P10:ACAGCCGCACAAGCCCx,1,0,0,0,0
1,1,0,0,1,0,0,0,0,1,0,0,0,0,0,0,0,0,0,1,0,0,0,1,1,0,0,0,0,0,1,1,1,0,0,0,0,1,1,0,0,0,0,0,1,0,0,0,0,0,0,0,Hypothalamus_traject_1P10:CTCGAGGCACCCTATCx,1,0,0,0,0
1,1,0,0,0,0,0,0,0,0,0,0,0,0,0,0,0,1,0,0,0,0,1,1,1,0,0,0,1,0,0,1,1,0,0,0,1,0,0,0,0,0,0,1,0,0,0,0,0,0,0,0,Hypothalamus_traject_1P10:GCAAACTCACGGACAAx,1,0,0,0,0
1,1,0,1,0,0,1,1,0,1,0,0,0,0,0,1,0,1,0,0,0,0,0,0,0,0,0,1,0,0,1,1,0,1,0,0,0,0,1,0,0,0,0,1,0,0,0,0,0,0,0,1,Hypothalamus_traject_1P10:ATTCTACAGGCTAGGTx,1,0,0,0,0
1,0,0,1,0,0,0,0,0,0,0,0,0,0,0,1,0,0,0,0,0,0,0,1,0,0,1,1,0,0,1,1,0,0,0,0,0,0,0,0,0,0,0,0,0,1,0,1,0,0,0,0,Hypothalamus_traject_1P10:TCAGGATTCACCTTATx,1,0,0,0,0
1,0,1,1,0,0,0,0,0,0,0,0,0,1,0,1,0,0,0,0,0,0,1,1,1,0,1,0,0,0,1,1,0,0,0,1,0,0,1,1,0,0,0,1,0,1,0,1,0,0,1,0,Hypothalamus_traject_1P10:TCAGATGCACAAGTAAx,1,0,0,0,0
1,1,0,0,0,1,1,0,0,0,0,0,0,0,0,1,0,0,0,1,0,0,0,0,0,0,1,0,0,0,0,1,1,0,0,0,0,0,1,0,0,0,0,0,1,0,0,1,0,0,0,0,Hypothalamus_traject_1P10:CGAGCACAGATGAGAGx,1,0,0,0,0
0,1,1,0,0,0,1,0,0,0,0,0,0,0,0,0,0,0,0,0,0,0,0,0,1,1,0,0,0,0,0,1,1,1,1,1,0,0,1,1,0,0,0,1,0,0,0,0,0,0,0,0,Hypothalamus_traject_1P10:CTACCCAAGTCGAGTGx,1,0,0,0,0
1,1,1,1,1,1,1,1,0,0,0,0,0,0,0,1,0,1,0,0,0,0,0,1,0,0,1,0,0,0,1,0,0,0,1,1,0,0,0,0,0,0,0,0,0,0,0,0,0,0,0,0,Hypothalamus_traject_1P10:CAGCATATCTGCGACGx,1,0,0,0,0
1,1,0,1,0,0,1,0,0,0,0,0,1,0,0,1,0,0,0,1,0,1,0,1,0,0,1,0,0,0,0,1,1,1,0,1,0,0,0,0,0,0,0,1,0,1,0,1,0,0,0,0,Hypothalamus_traject_1P10:GCCTCTACATGCAACTx,1,0,0,0,0
1,0,0,1,1,0,0,0,0,0,0,1,0,0,0,0,0,0,0,0,0,0,0,1,0,0,0,0,0,0,1,1,0,1,0,0,1,0,1,0,0,0,0,1,0,0,1,0,0,1,0,0,Hypothalamus_traject_1P10:AGCGTATGTACCGGCTx,1,0,0,0,0
1,1,1,0,1,0,0,0,0,0,0,0,0,0,1,0,0,1,0,0,0,0,1,1,0,0,1,0,0,0,1,0,0,1,0,0,0,0,1,1,0,0,0,1,0,0,0,0,0,0,0,0,Hypothalamus_traject_1P10:TAAGCGTTCCTGCAGGx,1,0,0,0,0
1,1,1,1,0,0,0,0,1,0,0,0,0,0,0,0,0,0,0,0,0,0,1,1,0,0,1,0,0,0,0,0,1,1,0,1,1,0,1,0,0,0,0,0,0,0,0,0,0,0,0,0,Hypothalamus_traject_1P10:TACTTGTAGTTCGATCx,1,0,0,0,0
0,1,0,0,1,0,0,0,0,0,1,0,0,0,0,0,0,0,1,0,0,0,1,0,0,0,0,0,0,0,0,1,1,0,0,0,0,0,1,0,1,0,0,1,1,0,0,0,1,0,0,0,Hypothalamus_traject_1P10:TCGGGACCACCATCCTx,1,0,0,0,0
0,1,0,1,0,0,0,0,0,0,0,0,0,0,0,1,0,0,0,0,0,0,0,0,1,0,0,0,0,0,0,0,1,1,0,0,0,0,0,0,0,0,0,1,0,1,0,0,0,0,0,0,Hypothalamus_traject_1P10:CACAGGCTCTAACGGTx,1,0,0,0,0
1,1,1,0,1,1,0,1,0,0,1,0,0,0,1,0,0,1,0,0,0,0,0,0,1,0,1,0,0,0,0,1,1,0,0,0,1,0,0,0,0,0,0,0,0,0,0,0,0,0,0,0,Hypothalamus_traject_1P10:GGGCATCGTCGACTATx,1,0,0,0,0
1,1,1,0,0,0,0,0,0,0,0,0,0,0,0,1,0,0,0,0,0,0,0,1,1,0,0,0,0,0,1,0,1,0,0,0,0,1,0,0,0,0,0,0,1,0,0,1,0,0,0,0,Hypothalamus_traject_1P10:CCCAATCTCCCAGGTGx,1,0,0,0,0
0,1,0,0,0,0,0,0,0,0,0,0,0,0,0,0,0,0,0,0,0,0,0,0,1,0,0,0,0,0,0,1,0,0,0,0,0,0,1,0,0,0,0,0,0,0,1,1,0,0,0,0,Hypothalamus_traject_1P10:GTACTCCGTCGGATCCx,1,0,0,0,0
0,0,0,0,0,0,0,0,0,0,0,0,1,0,0,0,0,1,0,0,1,0,0,0,0,1,0,0,0,0,1,0,1,1,0,0,0,0,0,0,0,0,1,0,0,0,0,0,0,1,0,0,Hypothalamus_traject_1P10:CACCAGGTCGCAAACTx,1,0,0,0,0
0,1,0,1,1,1,1,0,0,0,0,0,0,0,0,0,0,0,0,0,0,0,0,0,0,0,0,0,0,0,0,1,1,1,0,0,0,0,0,0,0,0,0,1,0,1,0,0,0,0,0,0,Hypothalamus_traject_1P10:CTACCCAGTTGTCGCGx,1,0,0,0,0
1,1,0,0,0,0,0,0,0,0,0,0,0,0,0,0,0,0,1,0,1,0,0,0,1,0,0,0,0,0,0,1,1,1,0,0,0,0,0,0,0,1,0,1,0,0,0,0,0,0,0,0,Hypothalamus_traject_1P10:GGCAATTTCTAAGCCAx,1,0,0,0,0
1,0,1,0,0,0,0,0,0,0,0,0,0,0,0,1,0,0,0,0,0,0,0,1,0,0,0,0,0,0,0,1,0,0,0,0,0,0,1,0,0,0,0,1,0,0,0,0,0,0,1,0,Hypothalamus_traject_1P10:TCGGGACTCTGAGTGTx,1,0,0,0,0
1,1,1,0,0,0,0,0,0,0,0,0,0,0,1,0,0,1,0,0,0,0,0,0,1,0,1,1,0,0,1,1,1,0,0,0,0,1,0,0,0,0,0,0,0,0,0,0,0,0,0,1,Hypothalamus_traject_1P10:TACTCATTCAGGCCCAx,1,0,0,0,0
0,1,1,1,0,1,0,0,0,0,0,0,0,0,0,0,0,0,0,0,0,0,0,0,0,0,0,0,0,0,0,0,0,0,0,0,0,0,0,0,0,0,0,0,0,1,1,0,0,0,0,0,Hypothalamus_traject_1P10:TTGACTTGTTAAGATGx,1,0,0,0,0
1,1,0,0,1,0,0,0,0,0,0,0,0,1,0,1,0,0,0,0,0,0,0,1,0,0,1,1,0,0,0,1,0,0,0,0,0,0,0,0,0,0,0,1,0,0,0,1,0,0,0,0,Hypothalamus_traject_1P10:CCAGCGAAGTCCTCCTx,1,0,0,0,0
1,0,0,1,0,0,0,0,0,0,0,0,0,0,0,1,0,0,0,0,1,0,0,0,0,0,0,0,0,0,0,1,1,1,0,0,0,0,1,0,0,0,0,1,0,0,0,0,0,1,0,0,Hypothalamus_traject_1P10:TCTCTAAGTCCCTACTx,1,0,0,0,0
0,1,1,0,0,0,0,1,0,0,0,0,0,0,0,1,0,0,0,0,0,0,0,1,0,0,0,0,1,0,1,1,1,0,0,0,1,0,1,0,0,0,0,0,0,0,1,0,0,0,0,0,Hypothalamus_traject_1P10:AAGGAGCCAGCTGTTAx,1,0,0,0,0
1,1,1,0,1,1,1,1,0,0,0,1,0,0,1,0,0,1,0,0,1,0,0,0,1,0,1,0,0,0,0,1,0,0,0,0,0,0,0,0,0,0,0,0,0,0,0,0,0,0,0,0,Hypothalamus_traject_1P10:AAGGAGCAGGCGTACAx,1,0,0,0,0
1,0,0,1,0,0,0,0,0,0,1,0,0,0,0,0,0,0,0,0,0,0,0,1,0,0,0,0,0,0,0,0,0,0,0,0,0,0,0,0,0,0,0,1,0,0,1,0,0,0,0,0,Hypothalamus_traject_1P10:CAGATCAGTGCGCTTGx,1,0,0,0,0
1,1,1,0,1,0,1,0,0,0,0,0,0,0,1,0,0,0,0,0,0,0,0,0,1,0,1,0,0,0,0,1,1,0,0,0,1,0,0,0,0,0,0,1,1,0,0,0,0,0,0,0,Hypothalamus_traject_1P10:ACTGTCCAGATCCCGCx,1,0,0,0,0
1,0,0,1,0,0,0,0,0,1,0,0,0,0,0,0,0,0,0,0,0,0,0,0,0,0,0,0,0,0,0,1,1,1,0,1,0,0,1,0,0,0,0,0,0,0,0,0,0,1,0,0,Hypothalamus_traject_1P10:GGATTACAGGTCATCTx,1,0,0,0,0
1,0,1,0,0,0,0,0,0,0,0,0,0,0,0,0,0,1,0,0,0,0,0,1,0,1,0,0,0,0,0,0,0,1,0,0,0,0,1,0,0,0,0,1,0,0,0,0,0,0,0,0,Hypothalamus_traject_1P10:ATGCGATCAAGTCTACx,1,0,0,0,0
0,0,0,1,0,0,1,0,0,0,0,0,0,0,0,0,0,0,0,0,0,0,1,0,0,0,0,0,0,0,0,0,1,0,0,0,1,0,0,0,0,0,0,1,0,0,0,0,0,0,0,0,Hypothalamus_traject_1P10:TGTGGTACAAAGCGGTx,1,0,0,0,0
1,0,0,0,0,0,0,0,0,0,1,0,0,0,0,1,0,0,0,0,1,0,0,1,0,0,0,0,0,0,1,1,0,0,0,0,0,0,0,0,0,0,0,1,0,0,0,0,0,1,0,1,Hypothalamus_traject_1P10:AGCTCCTAGCGCTTATx,1,0,0,0,0
1,0,1,0,0,0,1,0,0,0,0,0,0,0,0,1,0,1,0,0,0,0,0,1,0,0,0,0,1,0,1,0,0,0,0,0,0,1,0,0,0,0,0,1,0,1,0,1,0,0,0,0,Hypothalamus_traject_1P10:GAAGCAGTCTGAAAGAx,1,0,0,0,0
1,0,0,1,0,0,0,0,0,0,0,0,0,0,0,1,0,0,0,1,0,0,0,0,1,0,0,0,0,0,0,1,0,1,0,0,0,1,1,0,0,0,0,0,0,0,0,0,0,1,0,0,Hypothalamus_traject_1P10:AGCGTATCAGCCTATAx,1,0,0,0,0
1,1,0,1,0,0,0,0,0,0,0,0,0,0,0,0,0,0,0,0,0,0,0,1,0,0,0,0,0,0,0,1,0,0,0,0,0,0,1,0,0,0,0,1,0,0,1,0,0,0,0,0,Hypothalamus_traject_1P10:CCTTCCCTCTGCCCTAx,1,0,0,0,0
1,0,1,0,0,0,1,0,0,0,0,0,0,1,0,0,0,0,0,0,0,0,0,1,1,0,1,0,0,0,1,1,1,0,0,1,0,0,1,0,0,0,0,0,0,0,0,1,0,0,0,0,Hypothalamus_traject_1P10:CCACGGATCAGTTTGGx,1,0,0,0,0
1,1,0,1,0,0,0,0,0,0,0,0,0,0,0,1,0,0,0,0,0,0,0,1,1,0,0,0,0,0,0,1,0,0,0,1,0,0,0,0,0,0,0,0,0,0,0,1,0,1,0,0,Hypothalamus_traject_1P10:TGGCTGGAGAACTGTAx,1,0,0,0,0
1,0,0,1,0,0,0,0,0,0,0,0,0,0,0,0,0,0,0,0,1,0,0,1,1,0,0,0,0,0,0,0,1,1,0,0,0,1,1,0,0,0,0,0,0,0,0,0,0,0,0,0,Hypothalamus_traject_1P10:GGCAATTGTTCGTCTCx,1,0,0,0,0
1,1,1,1,0,0,0,0,0,0,0,0,0,0,0,1,0,1,0,0,0,0,1,1,0,0,1,0,0,0,0,1,0,0,0,0,0,0,0,0,0,0,0,0,0,1,0,1,0,0,0,0,Hypothalamus_traject_1P10:AAACGGGAGCTTTGGTx,1,0,0,0,0
1,1,0,1,0,0,0,0,0,0,0,0,0,0,0,0,0,0,0,0,0,0,0,0,0,0,0,0,0,0,0,0,0,1,0,0,0,0,0,0,0,0,0,1,0,0,0,0,0,0,0,0,Hypothalamus_traject_1P10:GAACCTATCTCATTCAx,1,0,0,0,0
1,1,1,1,1,0,1,0,0,0,0,0,0,1,0,0,0,1,0,0,0,0,0,1,0,0,1,1,0,0,0,0,0,0,0,1,0,0,1,0,0,0,0,0,0,0,0,0,0,0,0,0,Hypothalamus_traject_1P10:ATTGGACAGACTAAGTx,1,0,0,0,0
0,1,0,0,0,0,0,0,0,0,0,0,0,0,0,0,0,1,0,0,0,0,0,0,0,0,0,0,0,0,0,1,1,0,0,0,0,0,0,0,0,0,0,0,0,0,1,0,0,0,0,0,Hypothalamus_traject_1P10:TCAGGTATCGGAAACGx,1,0,0,0,0
0,1,1,0,0,1,0,0,0,0,0,0,0,0,0,0,0,0,0,0,0,0,0,1,0,0,0,0,0,0,1,0,0,0,0,0,0,0,0,0,0,0,0,1,0,0,0,0,0,0,0,0,Hypothalamus_traject_1P10:CGTGTAAGTCGCATCGx,1,0,0,0,0
1,0,1,0,1,0,0,0,0,0,0,0,0,0,0,0,0,0,0,0,0,0,0,1,0,0,0,0,0,0,0,0,1,1,1,0,0,0,0,1,0,0,0,0,0,0,0,0,0,0,1,0,Hypothalamus_traject_1P10:CTCGGAGGTACAGCAGx,1,0,0,0,0
0,0,0,0,0,0,0,1,0,0,0,0,0,0,0,0,0,1,0,0,0,0,1,0,1,0,1,0,0,0,0,1,0,0,0,0,0,0,0,0,0,0,0,1,0,0,0,1,0,0,0,0,Hypothalamus_traject_1P10:CGTAGCGGTCGTTGTAx,1,0,0,0,0
1,1,1,0,0,0,0,0,0,0,0,0,0,0,0,0,0,1,0,0,0,0,0,0,0,0,0,0,0,1,1,1,1,0,0,0,1,0,1,0,0,0,0,1,0,1,0,0,1,0,0,0,Hypothalamus_traject_1P10:AGTGAGGGTTACCAGTx,1,0,0,0,0
1,0,0,0,0,0,0,0,0,1,0,0,0,0,0,0,1,0,0,0,0,0,0,1,0,0,0,0,0,0,0,1,0,1,1,0,0,0,0,0,0,0,0,0,0,0,0,1,0,1,0,0,Hypothalamus_traject_1P10:TTGACTTTCATGTCCCx,1,0,0,0,0
1,0,0,1,0,0,0,0,0,0,0,0,0,0,0,0,0,0,0,0,0,0,0,1,0,0,0,0,0,0,0,1,0,1,0,0,0,0,0,0,0,0,0,1,0,0,0,0,0,1,0,0,Hypothalamus_traject_1P10:TAAGCGTTCAACACTGx,1,0,0,0,0
1,1,0,0,0,1,0,0,0,1,0,1,0,0,0,0,0,1,0,0,1,0,0,0,0,0,0,0,0,0,0,1,1,0,0,0,0,0,0,0,0,0,0,1,0,0,1,0,0,0,0,0,Hypothalamus_traject_1P10:TAGACCAGTGCGGTAAx,1,0,0,0,0
1,0,1,0,1,1,0,0,0,0,0,0,0,0,0,1,0,0,0,1,0,0,0,1,0,0,1,0,0,0,0,1,1,0,0,0,0,0,0,0,0,0,0,1,0,1,0,1,0,0,0,0,Hypothalamus_traject_1P10:TGCACCTAGCCCTAATx,1,0,0,0,0
1,1,1,0,0,0,0,0,0,0,0,0,0,0,0,0,0,1,0,0,0,0,0,1,1,0,0,0,0,0,0,1,1,0,0,0,0,0,0,0,0,0,0,0,0,0,1,0,0,0,0,0,Hypothalamus_traject_1P10:GGAATAAAGGGATCTGx,1,0,0,0,0
1,1,0,0,0,0,1,0,0,0,0,0,0,0,0,1,0,1,0,0,0,0,0,0,0,0,0,1,0,0,0,0,0,0,0,0,0,0,0,0,0,0,0,0,0,0,0,0,0,0,0,0,Hypothalamus_traject_1P10:TCAGATGAGATATGGTx,1,0,0,0,0
1,1,1,0,0,0,0,0,0,0,1,0,0,0,0,0,0,0,0,0,0,0,0,0,0,0,1,0,0,0,1,1,1,0,0,0,0,0,1,0,0,0,0,1,0,0,0,0,1,0,0,0,Hypothalamus_traject_1P10:AAAGTAGCATCCTAGAx,1,0,0,0,0
0,0,1,0,0,1,0,0,0,0,0,0,0,0,0,0,0,1,0,0,0,0,0,0,0,0,0,0,0,0,0,0,0,0,0,0,0,0,1,0,0,0,0,0,0,0,0,0,0,0,0,0,Hypothalamus_traject_1P10:CCTAGCTCATGCAATCx,1,0,0,0,0
1,1,0,0,1,0,1,0,0,0,0,0,0,0,0,0,0,0,0,0,0,0,0,1,0,1,0,0,0,0,0,0,1,0,0,0,1,0,1,0,0,0,0,1,0,0,0,0,0,0,0,0,Hypothalamus_traject_1P10:CTGAAGTTCAAAGACAx,1,0,0,0,0
1,1,0,0,1,0,1,0,0,0,0,1,0,0,0,0,0,0,0,0,0,0,0,0,0,1,0,0,0,0,1,1,1,0,0,0,0,0,0,1,0,0,0,1,0,0,0,0,0,1,0,0,Hypothalamus_traject_1P10:TGGCGCATCAACGCTAx,1,0,0,0,0
0,0,0,0,0,1,0,0,0,0,0,0,0,0,0,0,0,1,0,0,0,0,0,0,1,0,0,0,0,0,0,1,0,0,0,0,0,0,0,0,0,0,0,0,0,0,0,0,1,0,0,0,Hypothalamus_traject_1P10:CTGTGCTGTTTGACACx,1,0,0,0,0
1,0,0,1,0,0,0,0,0,0,0,0,0,0,0,1,0,0,0,0,0,0,0,0,0,0,0,0,0,0,0,0,1,0,0,0,0,0,0,0,0,0,0,1,0,0,0,0,0,0,0,0,Hypothalamus_traject_1P10:TTTACTGAGAATTCCCx,1,0,0,0,0
1,1,1,0,0,1,0,1,0,0,0,1,0,0,0,0,0,0,0,0,0,0,0,0,0,0,0,0,0,0,0,1,0,0,0,0,0,0,1,0,0,0,0,0,0,0,1,0,1,0,0,0,Hypothalamus_traject_1P10:TCGAGGCCATAGTAAGx,1,0,0,0,0
1,1,1,1,1,0,0,0,0,0,0,0,0,0,0,0,0,0,1,0,0,0,0,1,0,0,1,0,0,0,0,0,0,0,0,0,0,0,0,0,0,0,0,1,0,0,1,0,0,0,0,0,Hypothalamus_traject_1P10:TCGCGTTTCTGTTTGTx,1,0,0,0,0
1,0,1,0,0,0,1,1,0,0,0,0,1,0,0,0,0,1,0,0,0,0,0,1,1,0,0,0,0,0,0,0,1,0,0,0,0,0,0,0,0,0,0,1,0,0,0,0,0,0,0,0,Hypothalamus_traject_1P10:AAGCCGCTCGCAGGCTx,1,0,0,0,0
1,1,0,0,1,0,1,0,0,0,0,0,0,0,0,0,0,0,0,0,0,0,0,0,0,0,1,0,0,0,0,1,1,0,0,0,0,0,0,0,0,0,0,0,0,1,0,1,0,0,0,0,Hypothalamus_traject_1P10:TTGCCGTTCCGTACAAx,1,0,0,0,0
1,1,0,0,1,0,0,0,0,0,0,0,0,0,0,0,0,0,0,1,0,0,0,1,0,0,0,0,0,0,0,1,0,0,0,0,0,0,1,0,0,0,0,0,0,1,0,1,0,1,0,0,Hypothalamus_traject_1P10:CATGACAAGAGCCTAGx,1,0,0,0,0
1,0,0,0,0,0,0,0,0,0,0,0,0,0,0,0,0,0,0,0,0,0,0,0,0,0,0,0,0,0,0,1,0,1,0,0,0,0,0,0,0,0,0,0,0,0,1,0,0,1,0,0,Hypothalamus_traject_1P10:ACGAGCCAGTTTAGGAx,1,0,0,0,0
0,0,0,1,0,0,0,1,0,0,1,0,0,0,0,0,0,1,0,0,0,0,0,1,0,0,0,0,0,0,0,0,0,0,0,0,0,0,0,0,0,0,0,1,0,0,1,0,0,0,0,0,Hypothalamus_traject_1P10:ATTACTCAGCCTCGTGx,1,0,0,0,0
1,0,0,1,0,0,0,0,1,0,0,0,0,0,0,1,0,0,0,0,0,0,0,1,0,0,0,0,0,0,0,1,0,0,0,0,0,0,0,0,0,0,0,1,1,0,1,0,0,0,0,0,Hypothalamus_traject_1P10:CGCTGGATCTCGCTTGx,1,0,0,0,0
1,0,0,0,1,0,1,1,0,0,0,0,0,0,0,0,0,0,0,0,0,0,1,0,0,0,0,1,0,0,0,0,0,0,0,0,0,0,0,0,0,0,0,1,0,0,0,0,0,0,0,0,Hypothalamus_traject_1P10:TTCTCCTGTTACGGAGx,1,0,0,0,0
1,1,0,1,0,0,0,0,1,0,0,0,0,0,0,0,0,0,0,0,0,0,0,1,1,0,0,0,0,0,0,1,1,0,0,0,0,0,1,0,0,0,0,1,0,0,1,0,0,0,0,0,Hypothalamus_traject_1P10:GGAAAGCGTCTCACCTx,1,0,0,0,0
1,1,1,0,0,1,0,0,0,0,0,0,0,0,0,0,0,0,0,0,0,0,0,1,1,1,1,0,0,0,0,1,0,0,0,0,1,0,0,0,0,0,0,1,1,0,1,0,0,0,0,0,Hypothalamus_traject_1P10:ATTACTCGTTCTGGTAx,1,0,0,0,0
1,1,0,0,0,0,0,0,1,0,0,0,0,0,0,0,0,0,0,0,0,0,0,0,0,0,0,0,0,0,0,1,0,1,0,0,0,0,1,0,0,0,0,0,0,0,1,0,0,0,0,0,Hypothalamus_traject_1P10:TCAGGATCATCTACGAx,1,0,0,0,0
1,0,0,1,0,0,0,0,0,1,0,0,0,0,0,0,0,0,0,0,1,0,0,1,0,0,0,0,0,0,0,1,0,0,1,0,0,0,0,0,0,0,0,1,1,0,0,0,0,0,0,0,Hypothalamus_traject_1P10:TAGCCGGGTACTCTCCx,1,0,0,0,0
0,1,0,0,0,0,0,0,0,0,0,0,0,0,0,0,0,0,0,0,0,0,0,1,0,0,0,0,0,0,0,0,1,0,0,0,1,0,0,0,0,0,0,1,0,0,0,0,0,0,0,0,Hypothalamus_traject_1P10:AGAGTGGCACACTGCGx,1,0,0,0,0
1,0,0,0,0,0,0,0,0,0,0,0,0,0,0,0,0,0,0,0,0,0,0,0,1,0,0,0,0,0,0,1,0,1,0,0,0,0,0,0,0,0,0,1,0,0,1,0,0,0,0,0,Hypothalamus_traject_1P10:CGTTGGGCACATCCAAx,1,0,0,0,0
0,1,1,0,0,0,0,0,0,0,1,0,0,0,0,0,0,1,0,0,0,0,0,0,0,0,0,0,0,0,1,0,1,1,0,0,0,0,0,0,0,0,0,1,0,0,0,0,0,0,0,0,Hypothalamus_traject_1P10:AGATTGCGTGCGATAGx,1,0,0,0,0
1,1,0,0,0,0,0,0,0,0,1,0,0,0,0,0,0,0,0,0,0,0,0,1,1,0,0,0,0,0,1,0,1,0,0,0,0,0,0,0,0,0,0,1,0,1,0,0,0,1,0,0,Hypothalamus_traject_1P10:CGTCTACCAAGTCTACx,1,0,0,0,0
1,1,0,0,0,0,0,0,0,0,0,0,0,0,0,0,0,0,0,0,0,0,0,1,0,0,0,0,0,0,1,0,0,0,0,0,0,0,0,0,0,0,0,1,0,0,0,0,0,0,0,0,Hypothalamus_traject_1P10:AAGACCTAGTGACATAx,1,0,0,0,0
0,1,1,1,0,0,0,0,0,0,0,0,0,0,0,0,0,1,0,0,0,0,0,1,0,0,0,0,0,0,1,1,0,1,0,0,0,0,0,0,0,0,0,1,0,0,0,0,0,0,0,1,Hypothalamus_traject_1P10:ACATCAGGTACCGTATx,1,0,0,0,0
1,1,1,0,0,0,0,0,0,0,0,0,0,0,0,0,0,0,0,0,0,0,0,1,0,0,0,0,0,0,1,0,0,0,0,0,0,0,0,0,0,0,0,1,0,0,0,0,0,0,0,0,Hypothalamus_traject_1P10:ACGGGTCGTTCCACAAx,1,0,0,0,0
1,1,0,0,1,0,0,0,0,0,0,0,0,0,0,0,0,0,0,0,0,0,0,1,1,0,0,0,0,0,0,1,0,0,0,0,0,0,0,0,0,0,0,1,0,0,0,0,0,0,0,0,Hypothalamus_traject_1P10:AAAGCAACATGACATCx,1,0,0,0,0
0,1,0,0,0,0,0,0,0,0,1,0,0,0,0,1,0,0,0,0,0,0,1,1,1,0,0,0,0,0,1,1,1,1,1,0,0,0,1,0,0,0,0,1,1,0,1,0,0,0,0,1,Hypothalamus_traject_P10:AGATTGCCACGGACAAx,0,0,0,0,1
0,1,0,0,0,0,0,0,0,0,0,0,1,0,0,0,0,0,1,0,0,0,0,1,0,0,0,0,0,0,1,1,0,1,1,1,0,0,0,1,0,0,0,1,1,0,1,1,0,0,0,0,Hypothalamus_traject_P10:TGCTGCTGTAAGGGAAx,0,0,0,0,1
0,1,0,0,0,0,0,0,0,0,0,0,0,0,0,0,0,1,1,0,0,0,0,1,0,1,0,0,0,0,1,1,1,0,1,0,1,0,0,0,0,0,0,1,1,1,1,1,1,0,0,0,Hypothalamus_traject_P10:AACTTTCGTCTGATCAx,0,0,0,0,1
0,1,1,0,0,0,0,0,0,0,0,0,0,0,0,0,0,0,0,0,1,0,0,1,0,1,0,0,0,1,1,1,0,0,1,0,0,0,1,0,0,0,0,1,1,0,0,0,1,0,0,0,Hypothalamus_traject_P10:GCTTCCATCTGGAGCCx,0,0,0,0,1
0,0,0,0,0,0,0,0,0,0,0,0,0,0,0,0,0,1,0,0,0,0,0,1,0,0,0,0,0,0,1,1,1,1,1,1,0,0,1,0,0,0,0,1,1,0,1,0,1,0,0,0,Hypothalamus_traject_P10:TTTACTGGTGCTTCTCx,0,0,0,0,1
0,0,0,0,0,0,0,0,1,0,0,0,0,0,0,1,0,0,0,0,1,0,0,1,1,1,0,0,0,0,1,1,1,1,1,0,0,1,0,0,0,0,0,1,0,1,1,1,1,1,0,0,Hypothalamus_traject_P10:AAGACCTAGTGAACATx,0,0,0,0,1
0,0,1,0,0,0,0,0,0,0,0,0,0,0,1,0,0,0,0,0,1,0,0,0,0,1,0,0,0,0,1,1,0,0,0,1,0,0,1,0,0,0,0,1,1,1,0,1,1,1,0,0,Hypothalamus_traject_P10:GTAGGCCGTGGTAACGx,0,0,0,0,1
0,1,1,0,0,0,0,0,0,0,0,0,0,0,0,0,0,0,0,0,0,0,0,0,0,0,0,0,0,0,1,1,1,0,1,1,0,0,0,0,1,0,0,1,1,1,0,0,1,1,0,0,Hypothalamus_traject_P10:TACAGTGAGGCAATTAx,0,0,0,0,1
0,1,0,0,0,0,0,0,1,0,0,0,0,0,0,1,0,1,1,1,0,0,1,1,0,0,0,0,0,0,1,1,1,0,1,0,0,1,1,0,0,0,0,1,0,1,0,0,0,0,0,0,Hypothalamus_traject_P10:AAAGTAGTCTGCTTGCx,0,0,0,0,1
0,1,0,0,0,0,0,1,0,0,0,0,0,0,0,1,0,0,0,0,0,0,0,1,0,1,0,0,0,0,1,1,0,0,1,0,0,0,1,0,0,0,0,1,1,1,0,1,0,0,0,0,Hypothalamus_traject_P10:TGACAACCACTACAGTx,0,0,0,0,1
0,1,0,0,0,0,0,0,0,0,0,0,0,0,0,1,0,0,0,0,0,0,0,1,1,0,0,0,0,0,1,1,1,0,1,1,0,0,0,0,0,0,0,1,1,1,0,0,0,0,0,0,Hypothalamus_traject_P23:GATGAAAAGACTTGAAx,0,0,0,0,1
0,1,0,0,0,1,0,0,0,0,0,0,0,0,0,1,0,0,0,0,0,0,0,1,1,1,0,0,0,0,1,1,0,0,0,0,1,0,0,0,0,0,0,1,0,0,1,0,0,0,0,0,Hypothalamus_traject_P23:CCTCTGAAGGCACATGx,0,0,0,0,1
0,1,0,1,0,0,0,0,0,0,0,0,0,0,0,0,0,0,0,0,0,0,1,0,0,0,0,0,0,1,1,1,0,1,0,0,0,0,0,0,0,0,0,1,1,0,0,0,1,0,0,0,Hypothalamus_traject_P23:GGACATTTCCAGAGGAx,0,0,0,0,1
0,1,0,0,0,1,0,0,0,0,0,0,0,0,0,0,0,0,0,0,0,0,0,1,0,1,0,0,0,0,1,1,1,0,0,0,0,1,1,0,0,0,0,1,1,0,0,0,1,0,0,0,Hypothalamus_traject_P23:CCTTCCCTCAGGCCCAx,0,0,0,0,1
0,0,0,0,1,0,0,0,0,0,0,0,0,0,0,1,0,0,0,0,0,0,0,1,0,1,0,0,0,0,1,1,0,0,1,0,1,0,0,0,0,0,0,1,1,0,1,0,0,1,0,0,Hypothalamus_traject_P23:CCTATTACAGCGAACAx,0,0,0,0,1
0,0,0,1,0,0,0,0,0,0,0,0,0,0,0,1,0,0,0,0,0,0,0,1,1,1,0,0,0,0,1,1,0,0,0,0,0,0,0,0,0,0,0,1,0,0,1,1,1,0,0,1,Hypothalamus_traject_P23:TGATTTCTCCCTTGTGx,0,0,0,0,1
0,0,0,1,0,0,0,0,0,0,0,0,0,0,0,1,0,0,0,0,0,0,0,1,0,0,0,0,0,0,1,1,1,0,1,0,0,0,0,0,0,0,0,1,0,1,1,0,1,0,0,0,Hypothalamus_traject_P23:CGAACATAGTATGACAx,0,0,0,0,1
0,1,0,0,0,0,0,0,0,0,0,1,0,0,1,0,0,0,0,0,0,0,0,1,0,0,0,0,0,0,1,0,0,0,1,0,0,0,0,0,0,0,0,1,1,1,0,1,0,0,0,1,Hypothalamus_traject_1P10:AACCATGGTCATGCCGx,0,0,0,0,1
0,1,0,0,0,1,0,0,0,0,0,0,0,0,0,0,0,0,0,0,0,0,0,1,0,0,1,0,0,0,1,1,0,0,1,0,0,1,1,0,0,0,0,1,0,1,1,1,0,0,0,1,Hypothalamus_traject_1P10:GACGCGTCAGCCTTGGx,0,0,0,0,1
0,1,1,0,0,0,0,0,0,0,0,0,0,0,0,0,0,0,0,0,0,0,0,1,0,0,0,0,0,0,1,1,0,0,1,1,0,1,0,0,0,0,0,1,1,1,1,0,0,0,0,0,Hypothalamus_traject_1P10:ACCGTAAGTGGTCTCGx,0,0,0,0,1
0,1,0,0,0,0,0,0,0,0,0,0,0,0,0,1,0,0,1,0,1,0,0,1,1,0,0,0,0,0,1,1,0,1,1,0,0,0,1,0,0,0,0,1,1,1,1,0,0,0,1,0,Hypothalamus_traject_1P10:CGTTCTGTCTTACCTAx,0,0,0,0,1
0,1,1,0,0,0,0,0,0,0,0,0,0,0,0,0,0,0,0,0,0,0,0,1,0,0,0,0,0,0,1,1,0,1,1,0,0,0,0,0,0,0,0,1,0,0,1,0,0,1,1,0,Hypothalamus_traject_1P10:TATGCCCAGAACTGTAx,0,0,0,0,1
0,0,0,0,0,0,0,0,0,0,0,0,0,0,0,0,0,0,0,0,0,0,0,1,0,0,0,0,0,0,1,1,0,0,0,1,0,0,1,0,0,0,0,1,1,1,0,0,0,0,1,0,Hypothalamus_traject_1P10:GTAGTCAGTCTCAACAx,0,0,0,0,1
0,0,1,0,0,0,0,0,0,0,0,0,0,0,0,1,0,0,0,1,0,0,1,1,0,0,0,0,0,0,1,1,0,1,1,1,0,0,1,0,0,0,0,1,1,1,0,1,0,0,1,0,Hypothalamus_traject_1P10:CCTCTGACATGTCTCCx,0,0,0,0,1
0,0,0,0,0,0,0,0,0,0,0,0,0,0,0,1,0,1,0,0,0,0,1,1,0,0,0,0,0,0,1,1,0,1,0,0,1,0,1,0,0,0,0,1,1,1,1,1,0,1,1,0,Hypothalamus_traject_1P10:CAACCTCTCACGATGTx,0,0,0,0,1
0,0,1,0,0,0,0,0,0,0,0,0,0,0,0,0,0,0,0,0,0,0,0,0,0,0,0,0,0,0,1,1,0,0,0,1,0,0,0,0,0,0,0,1,1,1,0,0,0,1,0,0,Hypothalamus_traject_1P10:ATCGAGTCAACGATGGx,0,0,0,0,1
0,1,1,0,0,0,0,0,0,0,0,0,0,0,0,1,0,0,0,0,0,0,0,1,0,1,1,0,0,0,1,1,1,0,1,1,0,0,1,0,0,0,0,1,1,0,0,1,0,1,1,0,Hypothalamus_traject_1P10:ATCATCTCAATGAAACx,0,0,0,0,1
0,1,0,0,0,0,0,0,0,0,0,0,0,0,0,0,0,1,0,1,0,0,0,1,0,1,0,0,0,0,1,1,0,1,1,0,0,0,0,0,0,0,0,1,1,1,0,0,1,0,0,0,Hypothalamus_traject_1P10:CAAGATCAGACAATACx,0,0,0,0,1
0,0,0,0,0,0,0,0,0,0,0,0,0,0,0,1,0,0,0,0,0,0,0,1,1,0,0,0,0,0,1,0,1,1,1,0,0,0,1,0,0,0,0,1,1,1,0,1,0,0,0,0,Hypothalamus_traject_1P10:TTTGCGCGTCGGCATCx,0,0,0,0,1
0,1,0,0,1,1,0,0,0,0,0,0,0,0,0,1,0,1,0,0,0,0,0,1,0,0,0,0,0,0,1,1,0,0,0,1,0,0,0,0,0,0,0,1,1,0,0,1,1,0,0,0,Hypothalamus_traject_1P10:AACTCAGCATACGCTAx,0,0,0,0,1
0,0,0,0,0,0,1,0,0,0,1,0,0,0,0,0,0,1,0,0,0,0,0,1,0,0,1,0,0,0,0,1,1,1,0,0,0,1,0,0,0,0,0,1,1,1,0,0,0,0,0,1,Hypothalamus_traject_1P10:GCGGGTTCAAGAGGCTx,0,0,0,0,1
1,1,1,0,0,0,0,0,0,0,0,0,0,0,0,0,0,0,0,1,0,0,1,1,0,1,0,0,0,0,1,1,0,1,0,0,0,0,0,0,0,0,0,1,0,0,0,0,0,0,0,0,Hypothalamus_traject_1P10:CGAGCACTCGGCGCATx,0,0,0,0,1
0,1,1,0,0,0,0,0,0,0,1,0,0,0,0,1,0,0,0,0,0,0,0,1,0,1,0,0,0,0,1,1,1,0,1,0,0,1,1,0,0,0,0,1,0,0,0,0,0,0,0,0,Hypothalamus_traject_1P10:GGGAATGTCGGTCCGAx,0,0,0,0,1
0,1,0,0,0,0,0,0,0,0,0,1,0,0,0,0,0,1,1,0,0,0,0,1,0,0,0,0,0,0,1,1,1,0,0,1,0,0,0,0,0,0,0,1,1,0,1,1,0,0,1,0,Hypothalamus_traject_1P10:GCCAAATAGCTAGGCAx,0,0,0,0,1
0,1,0,0,0,0,0,0,0,0,1,0,0,0,0,0,0,0,0,0,0,1,0,0,0,0,0,0,0,0,1,1,1,1,0,0,0,1,0,0,0,0,0,1,0,0,0,0,0,1,0,0,Hypothalamus_traject_1P10:CAGCGACAGATGTTAGx,0,0,0,0,1
0,0,0,0,0,0,0,0,0,0,0,0,0,0,0,0,0,0,0,0,0,0,0,0,0,0,0,0,0,0,1,0,1,0,0,0,0,0,0,0,0,0,0,1,1,0,0,0,0,0,0,0,Hypothalamus_traject_1P10:ACACTGAAGGCACATGx,0,0,0,0,1
0,1,0,0,0,0,0,0,0,0,0,0,0,0,0,0,0,0,0,0,0,0,0,0,0,1,0,0,0,0,1,1,1,0,1,0,0,1,0,0,0,0,0,1,0,0,0,0,1,0,0,0,Hypothalamus_traject_P23:TCGTAGAAGTACGATAx,0,0,0,1,0
0,1,0,0,0,0,0,0,0,0,0,0,0,0,1,0,0,0,0,0,0,0,0,1,1,1,0,0,0,0,1,1,1,1,1,0,0,0,0,0,0,0,0,1,0,0,0,0,1,0,0,0,Hypothalamus_traject_P23:CTACCCAGTCTCTTATx,0,0,0,1,0
0,1,0,1,0,0,0,0,0,0,0,0,0,0,0,0,0,0,0,0,0,0,0,0,0,0,1,0,0,0,1,1,1,1,1,1,1,1,1,0,0,0,0,1,0,1,0,0,1,0,0,0,Hypothalamus_traject_P23:AGATTGCCATACTCTTx,0,0,0,1,0
0,1,0,0,0,0,0,0,0,0,0,0,0,0,0,0,0,0,0,0,0,0,0,1,0,0,0,0,0,0,1,1,1,1,1,1,0,0,0,1,0,0,0,1,1,0,0,1,1,0,0,0,Hypothalamus_traject_P23:TGCTACCGTCCGTTAAx,0,0,0,1,0
0,1,0,1,0,0,0,0,0,0,0,0,0,0,0,0,0,0,0,0,0,0,0,1,0,0,0,0,1,0,1,1,1,0,1,1,0,0,1,0,1,0,0,1,0,1,0,0,1,0,0,0,Hypothalamus_traject_P23:AAGGAGCAGTCAAGGCx,0,0,0,1,0
0,1,0,0,0,0,0,0,0,0,0,0,0,0,0,1,0,0,0,0,0,0,0,0,1,0,0,0,0,0,1,1,1,0,1,0,1,1,0,0,0,0,0,1,0,0,0,0,1,0,0,0,Hypothalamus_traject_P23:TGAGCATTCGGTTCGGx,0,0,0,1,0
0,0,0,0,0,0,0,0,0,0,0,0,0,0,0,1,0,0,0,0,0,0,0,1,1,1,1,0,0,0,1,1,1,0,0,1,0,1,0,0,0,0,0,1,1,0,0,0,0,0,0,0,Hypothalamus_traject_P23:CAGTAACTCCAGGGCTx,0,0,0,1,0
0,1,0,0,0,0,0,0,0,0,0,0,0,0,0,1,0,0,0,0,0,0,0,1,0,1,1,0,0,0,1,1,1,0,1,0,0,1,0,0,0,0,0,1,1,1,1,0,1,0,0,0,Hypothalamus_traject_P23:AGATCTGGTCTCCCTAx,0,0,0,1,0
0,0,0,1,0,0,0,0,0,0,0,0,0,0,0,1,0,0,0,0,0,0,1,1,1,1,0,0,0,0,1,1,0,0,0,0,0,0,0,0,0,0,0,1,0,0,0,0,0,0,0,0,Hypothalamus_traject_P23:CAAGATCCAGTCAGCCx,0,0,0,1,0
0,0,0,1,0,0,0,0,0,0,0,0,0,0,0,0,0,1,0,0,0,0,0,1,1,0,0,0,0,0,1,1,0,0,0,0,0,0,1,0,0,0,0,1,0,0,0,1,1,0,0,0,Hypothalamus_traject_P23:CAGTAACAGTGCTGCCx,0,0,0,1,0
0,0,0,0,0,0,0,0,0,0,0,0,0,0,0,1,0,1,0,0,0,0,0,0,1,0,0,0,0,0,1,1,1,1,1,0,0,0,0,1,0,0,0,1,0,0,0,0,0,0,1,0,Hypothalamus_traject_P23:CTCACACTCCGAAGAGx,0,0,0,1,0
0,1,0,0,0,0,0,0,0,0,0,0,0,0,0,1,0,0,0,0,0,0,1,0,1,0,0,0,0,0,1,1,1,1,0,1,0,0,0,0,0,1,0,1,0,0,1,0,0,0,0,0,Hypothalamus_traject_P23:CATTATCCAGTCAGCCx,0,0,0,1,0
0,0,0,0,0,0,0,0,0,0,0,0,0,0,0,0,0,0,0,0,0,0,0,0,0,1,0,0,0,0,1,0,0,0,0,0,0,0,0,0,0,0,0,1,0,1,1,0,0,0,0,0,Hypothalamus_traject_P23:CGCGGTATCACGCGGTx,0,0,0,1,0
0,0,0,0,0,0,0,0,0,0,0,0,0,0,0,0,0,0,0,0,0,0,0,1,0,0,0,1,0,0,1,1,0,0,0,0,0,0,0,0,0,0,0,1,0,0,1,0,1,0,0,0,Hypothalamus_traject_P23:TACGGGCAGCGTTTACx,0,0,0,1,0
1,1,0,0,0,0,0,0,0,0,0,0,0,0,0,0,0,0,0,0,0,0,0,1,1,0,0,0,0,0,1,1,0,0,0,0,0,0,0,0,0,0,0,1,0,0,0,0,0,0,0,0,Hypothalamus_traject_P23:CAGCATACAAGACGTGx,0,0,0,1,0
0,1,0,1,0,0,1,0,0,0,0,0,0,0,0,0,0,0,0,0,0,0,0,1,0,0,0,0,1,1,1,1,1,1,1,0,0,0,0,0,0,1,0,1,0,1,0,0,1,0,0,1,Hypothalamus_traject_P10:CTTAGGATCTGTTGAGx,0,0,0,1,0
0,1,0,0,0,0,0,0,0,0,0,0,0,0,0,1,0,0,0,0,0,0,1,1,1,0,0,0,0,0,1,1,1,1,1,0,0,0,0,0,0,1,0,1,0,0,0,0,0,0,0,0,Hypothalamus_traject_P10:GCGCAACGTCCGTCAGx,0,0,0,1,0
0,1,0,0,0,1,0,0,0,0,0,0,0,0,0,0,0,1,0,1,0,0,0,1,1,1,1,1,0,1,1,1,1,1,1,0,0,1,0,0,0,0,0,1,1,1,0,0,0,0,0,0,Hypothalamus_traject_P10:AGCGTATTCTCCAGGGx,0,0,0,1,0
0,0,0,0,0,0,1,0,0,0,0,0,0,0,0,1,0,0,1,0,0,0,1,1,1,0,1,0,0,0,1,1,1,1,1,0,0,0,0,0,0,0,0,1,1,0,0,0,1,0,0,0,Hypothalamus_traject_P10:TGTGGTAGTCGACTATx,0,0,0,1,0
0,1,0,0,0,0,0,0,0,0,0,0,0,0,0,0,0,0,0,0,0,0,0,1,0,0,0,0,0,1,1,1,1,1,1,0,1,1,1,1,0,0,0,1,0,1,0,0,1,0,0,1,Hypothalamus_traject_P10:CCACCTAGTCCAACTAx,0,0,0,1,0
0,1,0,0,0,0,0,0,0,0,0,0,0,0,0,0,0,0,1,0,0,0,0,1,1,0,0,0,0,0,1,1,1,0,1,1,1,0,1,0,0,0,0,1,0,0,1,0,1,0,0,1,Hypothalamus_traject_P10:TCAACGATCCGTTGTCx,0,0,0,1,0
0,0,0,0,0,0,0,0,0,0,0,0,0,0,0,0,0,0,1,1,0,0,0,1,0,0,0,1,0,0,1,1,1,1,1,1,1,1,1,0,0,0,0,1,0,0,0,0,1,0,0,0,Hypothalamus_traject_P10:ATTCTACCATACTCTTx,0,0,0,1,0
0,0,0,0,0,0,0,0,0,0,0,0,0,0,0,1,0,1,0,1,0,0,0,1,1,0,0,0,0,0,1,1,1,1,1,0,0,1,0,0,0,0,0,1,0,0,0,0,0,0,0,0,Hypothalamus_traject_P10:ATCCACCTCGTTTATCx,0,0,0,1,0
0,1,0,0,0,0,1,0,0,0,0,0,0,0,0,0,0,0,0,1,0,0,0,0,0,0,0,0,0,0,1,1,1,1,1,1,0,0,0,1,0,0,0,1,0,1,0,0,0,0,0,0,Hypothalamus_traject_P10:AGCTTGACATCGGTTAx,0,0,0,1,0
0,1,0,0,0,0,0,0,0,0,0,0,0,0,0,0,0,1,0,0,0,0,1,0,1,0,0,0,0,0,1,1,1,1,1,0,1,0,0,0,1,0,0,1,0,1,0,0,0,0,0,0,Hypothalamus_traject_P10:GTCACGGAGAAGGACAx,0,0,0,1,0
0,1,0,1,0,0,0,0,0,0,0,0,0,0,0,0,0,0,0,0,0,0,0,0,0,0,0,0,0,0,1,1,1,0,1,1,0,0,1,0,0,0,0,1,0,1,0,0,0,0,0,0,Hypothalamus_traject_P10:AGTGAGGCAGCGTCCAx,0,0,0,1,0
0,1,0,0,0,0,0,1,0,0,0,0,0,0,0,0,0,0,0,0,0,0,0,0,0,0,0,0,0,0,1,1,1,1,0,1,1,1,0,0,0,0,1,1,0,0,1,0,0,0,0,0,Hypothalamus_traject_P10:TGCTGCTGTTCACGGCx,0,0,0,1,0
0,0,0,0,1,0,0,0,1,0,0,0,0,0,0,1,0,0,0,0,0,0,0,1,1,1,1,0,0,0,1,1,1,1,1,1,0,0,0,0,0,0,0,1,1,1,0,1,0,1,0,0,Hypothalamus_traject_P10:TAGGCATGTCACCCAGx,0,0,0,1,0
0,1,0,0,0,0,0,0,0,0,0,0,0,0,0,1,0,0,0,0,0,0,1,1,1,0,0,0,0,0,1,1,1,1,1,1,1,0,0,0,0,0,1,1,0,1,0,0,1,0,0,0,Hypothalamus_traject_P10:GTTTCTAAGCCTCGTGx,0,0,0,1,0
0,1,0,0,0,0,0,0,0,0,0,0,0,0,0,0,0,0,0,0,0,0,0,0,0,0,0,1,0,0,1,1,1,1,0,1,1,0,0,0,0,0,0,1,0,0,0,0,0,0,0,0,Hypothalamus_traject_P10:GGGTCTGTCATGCTCCx,0,0,0,1,0
0,1,0,0,0,0,0,0,0,0,0,0,0,0,0,0,0,0,0,0,0,0,1,0,0,0,0,0,0,0,1,1,1,1,0,0,0,1,0,0,0,1,0,1,0,0,0,0,0,0,0,0,Hypothalamus_traject_P10:GATCGCGTCAAGGTAAx,0,0,0,1,0
1,0,0,0,0,1,0,0,0,0,0,0,0,0,0,1,0,0,0,1,0,0,1,1,1,1,1,0,0,0,1,1,0,1,0,0,1,1,1,0,0,0,0,1,0,0,0,1,0,1,0,0,Hypothalamus_traject_P10:TTAGTTCCAATGAAACx,0,0,0,1,0
0,0,0,0,0,0,0,0,0,0,0,0,0,0,0,0,0,0,1,0,0,0,1,1,0,0,0,0,0,0,1,1,1,1,0,1,0,0,0,0,0,0,0,1,0,1,1,0,1,0,0,0,Hypothalamus_traject_P10:ACTTTCAGTGATGATAx,0,0,0,1,0
1,0,0,0,0,0,0,0,0,0,0,0,0,0,0,0,0,0,0,0,0,0,1,1,0,0,0,0,0,1,1,1,1,0,1,0,1,0,0,0,0,1,0,1,0,1,0,0,0,0,0,0,Hypothalamus_traject_P10:TCTCTAACAATGGTCTx,0,0,0,1,0
0,0,1,0,0,0,0,0,0,0,0,0,0,0,0,0,0,0,0,0,1,0,1,0,1,0,0,0,0,0,1,1,1,0,1,0,1,0,0,0,0,0,0,1,0,0,0,0,0,0,0,0,Hypothalamus_traject_P10:TACCTATTCGCAAACTx,0,0,0,1,0
0,1,0,0,0,0,0,0,0,0,0,0,0,0,0,1,0,1,0,0,1,0,1,1,0,0,0,0,0,0,1,1,1,1,1,0,0,0,0,0,0,0,0,1,0,1,0,0,0,0,0,0,Hypothalamus_traject_P10:TGAGCCGAGACCTTTGx,0,0,0,1,0
0,1,0,1,0,0,0,0,0,0,0,0,0,0,0,0,0,0,0,0,0,0,0,1,1,0,0,0,0,0,1,1,1,1,1,1,0,0,0,0,0,0,0,1,0,1,0,0,1,0,0,0,Hypothalamus_traject_P10:GTGCAGCAGTTGTCGTx,0,0,0,1,0
0,1,0,0,0,0,0,0,0,1,0,0,0,0,0,0,0,1,0,0,0,0,0,1,1,0,0,0,0,0,1,1,1,1,0,0,0,0,0,0,0,0,0,1,0,0,0,0,0,0,0,0,Hypothalamus_traject_P10:AGCTCTCCAGTCTTCCx,0,0,0,1,0
0,1,0,0,0,0,0,0,0,0,0,0,0,0,0,0,0,0,0,0,0,0,1,1,0,0,0,1,0,0,1,1,1,0,0,0,0,0,0,0,0,0,0,1,0,0,0,0,0,0,0,0,Hypothalamus_traject_P10:CTAAGACTCCTCTAGCx,0,0,0,1,0
0,0,0,0,0,0,0,0,1,0,0,0,0,0,0,0,0,0,0,0,0,0,0,0,1,0,0,1,0,0,1,1,0,1,0,0,0,0,0,1,0,0,0,1,0,0,0,0,0,0,0,0,Hypothalamus_traject_P10:ACACCCTTCATACGGTx,0,0,0,1,0
0,1,0,0,0,0,0,0,0,0,0,0,0,0,0,0,0,0,0,0,0,0,0,1,0,0,0,1,0,0,1,1,1,1,0,0,0,0,0,0,0,0,1,1,0,1,0,0,0,0,0,0,Hypothalamus_traject_P10:ATTACTCTCTGGTATGx,0,0,0,1,0
0,1,0,0,0,0,0,0,0,0,0,0,0,0,0,0,0,0,0,0,0,0,1,1,0,0,0,1,0,0,1,1,0,0,1,0,0,0,0,0,0,0,0,1,0,0,0,0,0,0,0,0,Hypothalamus_traject_P10:GGAATAATCTCGTATTx,0,0,0,1,0
1,0,0,0,0,0,0,0,0,0,0,0,0,0,0,0,0,0,0,0,0,0,0,1,0,0,0,0,0,0,1,1,0,1,0,0,0,0,0,0,0,0,0,1,0,0,0,0,0,0,0,0,Hypothalamus_traject_P10:GTACTTTCATCCTAGAx,0,0,0,1,0
1,1,0,0,0,0,0,0,0,0,0,0,0,0,0,1,0,0,0,0,0,0,0,1,1,0,0,0,0,0,1,1,0,0,0,0,0,0,0,0,1,0,0,1,0,0,0,0,0,0,0,0,Hypothalamus_traject_P10:CCGTTCAAGCCCAACCx,0,0,0,1,0
1,0,0,0,0,0,0,0,0,0,0,0,0,0,0,0,0,0,0,0,0,0,0,1,0,0,0,0,0,0,1,1,1,0,0,0,0,0,0,0,0,0,1,1,0,0,0,0,1,0,0,0,Hypothalamus_traject_P10:CTACGTCCAGCCTTTCx,0,0,0,1,0
0,0,0,0,0,0,0,0,0,0,0,0,0,0,0,0,0,0,0,0,0,0,0,1,1,0,1,0,0,0,1,1,1,1,1,1,0,1,0,0,0,0,0,1,1,0,0,0,0,0,1,0,Hypothalamus_traject_1P10:TGGCCAGAGTTCGCGCx,0,0,0,1,0
0,1,0,0,0,1,0,0,0,0,0,0,0,0,0,0,0,0,0,0,0,0,0,0,0,0,0,0,0,0,1,1,1,1,1,0,0,1,1,0,0,0,0,1,0,0,0,0,0,0,0,0,Hypothalamus_traject_1P10:TCTCATAGTAATTGGAx,0,0,0,1,0
0,1,0,0,0,0,0,0,0,0,0,0,0,0,0,1,0,0,0,0,0,0,0,0,1,0,0,0,0,0,1,0,1,1,1,1,0,0,0,0,0,0,0,1,1,0,0,0,0,0,0,0,Hypothalamus_traject_1P10:AGCCTAATCATAGCACx,0,0,0,1,0
0,1,0,0,0,0,0,0,0,0,0,0,0,0,0,0,0,0,0,0,0,0,0,0,1,0,1,0,0,0,1,1,1,1,1,1,0,0,0,1,0,0,0,1,0,0,0,0,0,0,0,0,Hypothalamus_traject_1P10:ACACTGACAGGACCCTx,0,0,0,1,0
0,1,0,0,0,0,0,0,0,0,0,0,0,0,0,0,0,1,1,0,0,0,0,1,1,0,0,1,0,0,1,1,1,1,1,1,0,0,0,0,1,0,0,1,0,0,1,0,0,0,0,1,Hypothalamus_traject_1P10:ACGTCAACAATAGCGGx,0,0,0,1,0
0,0,0,0,0,0,0,0,0,0,0,0,0,0,0,0,0,0,1,0,0,0,0,1,0,0,0,0,0,0,1,1,1,1,1,1,1,1,1,1,0,0,0,1,0,0,0,0,0,0,0,0,Hypothalamus_traject_1P10:ACTGTCCGTGTCTGATx,0,0,0,1,0
0,1,0,0,0,0,0,0,0,0,0,0,0,0,0,1,0,0,0,0,0,0,0,0,0,0,0,0,0,0,1,1,1,1,1,1,0,0,1,1,0,0,0,1,0,0,0,0,0,0,0,0,Hypothalamus_traject_1P10:AGCGGTCCAATGACCTx,0,0,0,1,0
0,0,0,0,0,0,0,0,0,0,0,0,0,0,0,0,0,0,0,0,0,0,0,0,0,0,0,0,0,0,1,1,0,1,1,0,1,0,0,0,0,0,0,1,0,0,0,0,0,0,0,0,Hypothalamus_traject_1P10:GGGTTGCCAGTGAGTGx,0,0,0,1,0
0,1,0,0,0,0,0,0,0,0,0,0,0,0,0,1,0,0,0,0,0,0,0,0,0,0,1,0,0,0,1,1,1,1,1,1,0,0,0,1,1,0,0,1,0,0,0,0,0,0,0,0,Hypothalamus_traject_1P10:GCGCCAACAGCTTAACx,0,0,0,1,0
0,0,0,0,0,0,0,0,0,0,0,0,0,0,0,0,0,0,0,0,0,0,0,1,0,0,1,0,0,0,1,1,1,1,1,1,0,1,0,1,0,0,0,1,0,0,0,0,0,0,0,0,Hypothalamus_traject_1P10:AGAGTGGGTATAATGGx,0,0,0,1,0
0,1,0,0,0,1,0,0,0,0,0,0,0,0,0,1,0,0,0,0,0,0,0,1,0,0,0,0,0,0,1,1,0,1,1,1,0,0,0,1,0,1,0,1,0,0,0,0,0,0,0,0,Hypothalamus_traject_1P10:CCTCAGTCAAGGCTCCx,0,0,0,1,0
0,1,0,0,0,0,0,0,0,0,0,0,0,0,0,0,0,0,0,0,0,0,0,0,0,0,1,0,0,0,1,1,1,1,1,1,0,0,0,1,0,0,0,1,0,1,0,0,0,0,0,0,Hypothalamus_traject_1P10:TTCGGTCTCACGCATAx,0,0,0,1,0
0,1,0,1,0,0,0,0,0,0,0,0,0,0,0,1,0,0,0,0,0,0,0,0,0,0,0,0,0,0,1,1,1,1,0,1,0,1,0,0,0,0,0,1,0,1,1,0,0,0,0,0,Hypothalamus_traject_1P10:TACTCGCCAAGTCTACx,0,0,0,1,0
0,0,0,0,0,0,0,0,0,0,0,0,0,0,0,1,0,0,0,0,0,0,1,1,0,0,0,0,0,0,1,1,1,1,1,1,0,0,0,0,0,0,1,1,0,1,1,0,0,0,0,0,Hypothalamus_traject_1P10:TAGACCATCGGTTCGGx,0,0,0,1,0
1,0,0,0,0,0,0,0,0,0,0,0,0,1,0,0,0,0,0,0,0,0,0,0,0,0,0,1,0,0,1,1,1,1,1,0,1,1,0,0,0,0,0,1,0,0,0,0,0,0,0,0,Hypothalamus_traject_1P10:AGCAGCCGTGGTCTCGx,0,0,0,1,0
0,0,0,0,0,0,0,0,0,0,0,0,0,0,0,0,0,0,1,0,0,0,0,1,0,0,0,0,0,0,1,1,0,1,1,1,0,0,0,1,0,0,0,1,0,0,0,0,0,0,0,0,Hypothalamus_traject_1P10:TTCTCCTAGCCGTCGTx,0,0,0,1,0
0,0,0,0,0,0,0,0,0,0,0,0,0,0,0,0,0,0,0,0,0,0,0,0,0,0,0,0,0,0,1,1,1,1,0,1,1,0,0,1,0,0,0,1,0,0,0,0,0,0,0,0,Hypothalamus_traject_1P10:CGATCGGCACCTATCCx,0,0,0,1,0
0,0,0,0,0,0,0,0,0,0,0,0,0,0,0,0,0,0,0,1,0,0,0,0,1,0,0,0,0,0,1,1,1,1,1,0,0,1,0,1,0,0,0,1,0,0,0,0,1,0,0,0,Hypothalamus_traject_1P10:CGTAGGCAGTGCGATGx,0,0,0,1,0
0,0,0,0,0,0,0,0,0,0,0,0,0,0,0,1,0,0,1,0,0,0,1,1,1,1,0,0,0,0,1,1,1,1,0,0,0,0,0,0,0,0,0,1,1,0,0,0,0,1,1,0,Hypothalamus_traject_1P10:TAAACCGTCAAACCGTx,0,0,0,1,0
0,0,0,1,0,0,0,0,0,0,0,0,0,0,0,0,0,0,0,0,0,0,1,1,1,1,1,0,0,0,1,1,0,0,1,1,0,1,1,0,0,0,0,0,1,0,0,1,0,1,1,0,Hypothalamus_traject_1P10:GCTGCAGAGTATTGGAx,0,0,0,1,0
0,0,0,0,0,0,0,0,0,0,0,0,0,0,0,0,0,0,1,0,0,0,0,1,0,0,0,0,0,0,1,1,0,1,1,0,0,0,0,1,0,0,0,1,0,1,0,0,0,0,0,0,Hypothalamus_traject_1P10:ACGGAGACAGAGCCAAx,0,0,0,1,0
0,1,0,0,0,0,0,0,0,0,0,0,0,0,0,0,0,0,0,0,0,0,0,0,1,0,1,0,0,0,1,0,1,1,1,0,0,0,1,0,0,0,0,1,0,0,0,0,0,0,0,0,Hypothalamus_traject_1P10:AGCCTAATCCGTAGGCx,0,0,0,1,0
0,0,0,1,0,0,0,0,0,0,0,0,0,0,0,0,0,1,0,0,0,0,0,0,1,0,0,0,0,0,1,1,1,1,1,0,1,0,0,0,0,1,0,1,0,0,0,0,0,0,0,0,Hypothalamus_traject_1P10:TTAACTCCATGGGACAx,0,0,0,1,0
0,0,0,0,0,0,0,0,0,0,0,0,0,0,0,0,0,0,0,0,0,0,0,1,0,0,0,0,0,0,1,0,1,1,1,1,1,0,1,0,0,0,0,1,0,0,0,0,1,1,0,0,Hypothalamus_traject_1P10:AGAATAGCAGATGGGTx,0,0,0,1,0
0,0,0,0,0,0,0,0,0,0,0,0,0,0,0,0,0,0,0,0,0,0,0,0,0,0,0,0,0,0,1,1,1,0,0,1,1,0,0,0,0,0,0,1,0,0,0,0,0,0,0,0,Hypothalamus_traject_1P10:AACCGCGCAGACACTTx,0,0,0,1,0
0,1,0,0,0,0,0,0,0,0,0,0,0,0,0,1,0,0,0,0,0,0,1,1,0,0,0,0,0,0,1,1,0,0,0,0,0,0,0,0,0,0,0,1,1,0,1,1,1,0,0,0,Hypothalamus_traject_1P10:GCCTCTAGTATTCGTGx,0,0,0,1,0
0,1,0,0,0,0,0,0,0,0,0,0,0,0,0,0,0,1,0,0,0,0,0,0,0,0,0,0,0,0,1,1,1,1,0,0,1,1,1,0,1,0,0,1,0,0,0,0,0,0,0,0,Hypothalamus_traject_1P10:AACCGCGTCTTACCTAx,0,0,0,1,0
0,0,0,0,0,0,0,0,0,0,0,0,0,0,0,0,0,1,0,0,0,0,0,0,0,0,0,0,0,0,1,0,1,0,1,0,1,0,0,0,0,0,0,1,0,0,0,1,0,0,0,0,Hypothalamus_traject_1P10:AGTCTTTCAATCTACGx,0,0,0,1,0
0,1,0,0,0,0,0,0,0,0,0,0,0,0,0,0,0,0,0,0,0,0,0,0,0,0,0,0,0,0,1,1,1,1,1,1,1,1,1,0,0,0,0,1,0,0,0,0,0,0,0,0,Hypothalamus_traject_1P10:AGTGAGGTCAATCTCTx,0,0,0,1,0
0,0,0,0,0,0,0,0,0,0,0,0,0,0,0,0,0,0,0,0,0,0,0,0,1,0,0,0,0,1,1,1,1,1,0,1,0,0,0,0,0,0,0,1,0,0,0,0,0,0,0,0,Hypothalamus_traject_1P10:AGCGTATCATTACGACx,0,0,0,1,0
0,1,0,0,0,0,0,0,0,0,0,0,0,0,0,0,0,0,0,0,0,0,0,0,0,0,0,0,0,0,1,1,1,1,1,0,1,0,1,0,1,0,0,1,0,0,0,0,0,0,0,0,Hypothalamus_traject_1P10:GGGATGAGTACATGTCx,0,0,0,1,0
0,0,0,0,0,0,0,0,0,0,0,0,0,0,0,0,0,0,0,0,0,0,0,0,0,0,0,0,0,0,1,1,1,1,1,0,1,1,0,0,1,0,0,1,0,0,0,0,0,0,0,0,Hypothalamus_traject_1P10:TGAGGGATCATCTGCCx,0,0,0,1,0
0,1,0,0,0,0,0,0,0,0,0,0,0,0,0,0,0,0,0,0,0,0,0,0,0,0,1,0,0,0,1,1,1,1,1,1,1,0,0,0,0,0,0,1,0,0,0,0,0,0,0,0,Hypothalamus_traject_1P10:CAACCAATCCGTAGGCx,0,0,0,1,0
0,0,0,0,0,0,0,0,0,0,0,0,0,0,0,1,0,0,0,0,0,0,0,1,0,0,1,0,0,0,1,1,1,1,1,0,0,1,0,0,0,0,0,1,1,0,1,0,0,1,0,0,Hypothalamus_traject_1P10:CCGTACTGTGGGTATGx,0,0,0,1,0
0,1,0,0,0,0,0,0,0,0,0,0,0,0,0,1,0,0,0,0,0,0,0,1,1,0,0,0,0,0,1,1,0,0,0,1,0,0,0,0,0,1,0,1,1,0,0,0,0,0,0,0,Hypothalamus_traject_1P10:AAGTCTGCAGACAGGTx,0,0,0,1,0
0,1,0,0,0,1,0,0,0,0,0,0,0,0,0,1,1,0,0,0,0,0,0,1,0,1,0,0,0,0,0,1,0,0,1,0,0,0,1,0,0,0,0,1,0,1,1,1,0,0,1,0,Hypothalamus_traject_1P10:CCACTACAGTCTTGCAx,0,0,0,1,0
0,1,0,0,0,0,0,0,0,0,0,0,0,0,0,0,0,0,0,0,0,0,1,0,0,0,0,0,0,0,1,1,1,0,1,0,0,0,0,0,0,0,0,1,0,0,0,0,0,0,0,0,Hypothalamus_traject_1P10:CGAGAAGGTCCTCCATx,0,0,0,1,0
0,1,0,0,0,0,0,0,0,0,0,0,0,0,0,0,0,0,0,0,0,0,0,0,0,0,0,0,0,0,1,1,1,1,0,0,1,0,0,0,0,0,0,1,0,0,0,0,0,0,0,0,Hypothalamus_traject_1P10:CGAACATCAGTCAGAGx,0,0,0,1,0
0,1,0,0,0,0,0,0,0,0,0,0,0,0,0,0,0,0,0,0,0,0,0,0,0,0,0,0,0,0,1,1,1,1,0,0,0,0,0,0,0,0,0,1,0,0,0,0,1,0,0,0,Hypothalamus_traject_1P10:GCTTGAACACGCGAAAx,0,0,0,1,0
0,0,0,0,0,0,0,0,0,0,0,0,0,0,0,0,0,0,1,0,0,0,0,0,0,0,0,0,0,0,1,1,1,0,0,0,0,0,0,0,0,0,0,1,0,1,0,0,0,0,0,0,Hypothalamus_traject_1P10:AGAGCTTCACGAAAGCx,0,0,0,1,0
0,0,0,0,0,0,0,0,0,0,0,0,0,0,0,0,0,0,0,0,0,0,0,0,0,0,0,1,0,0,1,0,0,0,1,0,1,0,0,0,0,0,0,1,0,1,0,0,0,0,0,0,Hypothalamus_traject_1P10:GCCTCTAAGACTAAGTx,0,0,0,1,0
0,1,0,0,0,0,0,0,0,0,0,0,0,0,0,0,0,0,0,0,0,0,0,1,0,0,0,0,0,0,1,1,1,0,0,0,1,0,0,0,0,0,0,1,0,0,0,0,0,0,0,0,Hypothalamus_traject_1P10:AGAGCGATCTCCAGGGx,0,0,0,1,0
0,1,0,0,0,0,0,0,0,0,0,0,0,0,0,0,0,0,0,0,0,0,1,1,1,1,1,0,0,0,0,1,0,1,0,0,0,1,0,0,0,0,0,1,0,0,0,1,1,1,0,0,Hypothalamus_traject_1P10:GTACTTTAGGCTATCTx,0,0,0,1,0
0,1,0,0,0,0,0,0,0,0,0,0,0,0,0,0,0,0,0,0,0,0,0,1,0,0,0,0,0,0,1,1,1,0,0,0,0,0,0,0,0,0,0,0,1,0,0,1,0,0,1,0,Hypothalamus_traject_1P10:GACTAACTCTTGGGTAx,0,0,0,1,0
0,0,0,0,0,0,0,0,0,0,0,0,0,0,0,1,0,1,0,1,0,0,1,1,1,1,1,0,0,0,0,1,0,0,1,0,0,0,0,0,0,0,0,1,1,1,0,0,0,0,0,0,Hypothalamus_traject_P23:GATTCAGTCCACGTTCx,0,0,1,0,0
0,1,0,0,0,1,0,0,0,0,0,0,0,0,0,0,0,1,0,0,1,0,1,1,1,0,1,0,0,1,0,0,1,0,0,0,0,0,0,0,0,0,0,1,0,1,0,0,1,0,0,0,Hypothalamus_traject_P23:TCAGCTCCAGATCTGTx,0,0,1,0,0
0,1,0,0,0,1,0,0,0,0,0,0,1,0,0,1,0,1,0,0,1,1,1,1,1,0,0,1,1,1,1,1,1,0,0,0,0,1,0,0,0,0,0,1,0,1,0,0,0,0,0,0,Hypothalamus_traject_P23:TTGTAGGTCTTTAGGGx,0,0,1,0,0
0,1,0,0,0,1,0,0,0,0,0,0,0,0,0,0,0,0,0,0,1,0,1,1,1,0,0,1,0,0,1,1,1,0,0,0,0,1,1,0,0,0,0,1,0,0,0,0,0,0,0,0,Hypothalamus_traject_P23:TGAGCCGTCTGCAGTAx,0,0,1,0,0
0,1,0,0,0,0,0,0,0,0,0,0,0,0,0,1,0,0,0,0,0,0,1,1,0,0,1,0,0,0,1,1,0,0,0,1,1,1,0,1,0,0,0,1,0,0,0,0,0,0,0,0,Hypothalamus_traject_P23:ATTGGACCAGAGTGTGx,0,0,1,0,0
0,1,0,0,0,0,0,0,0,0,0,0,0,0,0,1,0,0,0,1,0,0,1,1,0,1,1,0,0,0,1,1,1,0,0,1,0,1,0,1,0,0,0,1,0,0,1,0,0,0,0,0,Hypothalamus_traject_P23:CTTAGGACAAGCGCTCx,0,0,1,0,0
0,0,0,0,0,0,0,0,0,0,0,0,0,0,0,0,0,1,0,1,1,0,1,1,1,1,1,0,0,0,1,1,0,0,0,1,0,0,0,0,0,0,0,1,0,0,1,0,0,0,0,0,Hypothalamus_traject_P23:AATCCAGGTCCGAAGAx,0,0,1,0,0
0,1,0,0,0,1,0,0,0,0,0,0,0,0,0,1,1,1,0,0,0,0,1,1,1,0,0,1,0,1,0,1,1,0,1,0,0,0,0,0,0,0,0,1,0,1,0,0,0,1,0,0,Hypothalamus_traject_P10:TAGACCAGTGGCTCCAx,0,0,1,0,0
0,1,0,0,0,1,0,0,0,0,0,0,0,0,0,1,0,0,0,0,0,1,1,1,1,1,0,1,0,0,0,1,1,0,1,0,0,0,1,0,0,0,0,1,0,0,1,0,0,0,0,0,Hypothalamus_traject_P10:AGGGTGAGTCGACTATx,0,0,1,0,0
0,1,0,0,1,0,0,0,0,0,0,1,0,0,0,1,0,0,0,0,0,0,1,1,1,1,1,0,1,0,0,1,1,0,0,1,0,1,1,0,0,0,0,1,0,1,0,0,0,0,0,0,Hypothalamus_traject_P10:GCTGGGTCACACAGAGx,0,0,1,0,0
0,0,0,0,0,1,0,0,0,0,0,0,0,0,0,0,0,0,0,1,0,0,1,1,1,0,0,0,0,0,0,1,0,0,0,0,0,0,0,0,0,0,0,0,0,0,1,0,0,0,0,0,Hypothalamus_traject_P10:ACGCCGACACGACTCGx,0,0,1,0,0
0,1,0,0,0,0,0,0,0,0,0,0,0,0,0,1,0,0,0,0,1,0,1,1,1,1,1,0,0,0,1,1,0,0,0,0,0,0,0,0,0,0,0,1,0,0,0,0,0,0,0,0,Hypothalamus_traject_P10:ACCCACTGTTGCGCACx,0,0,1,0,0
0,1,0,0,0,0,0,0,1,0,0,0,0,0,0,1,0,0,1,0,0,0,1,1,1,1,1,0,0,0,1,1,0,0,0,0,0,0,0,0,0,0,0,0,0,0,1,0,0,0,0,0,Hypothalamus_traject_P10:CCGTTCACAACTTGACx,0,0,1,0,0
0,1,0,0,0,0,0,0,0,0,0,0,0,0,0,1,0,0,0,0,0,0,1,1,1,0,1,0,0,0,0,1,0,0,0,0,0,0,0,0,0,0,0,1,0,0,1,0,0,0,0,0,Hypothalamus_traject_P10:AGATCTGTCAGGCCCAx,0,0,1,0,0
0,1,0,0,0,0,0,0,0,0,0,0,0,0,0,1,0,0,0,0,0,0,1,1,1,1,0,1,1,0,0,1,1,0,1,0,0,0,1,0,0,0,0,0,0,0,0,0,1,0,0,0,Hypothalamus_traject_P10:TGTATTCGTTGCGCACx,0,0,1,0,0
0,0,0,0,0,0,0,1,0,0,0,0,0,0,0,0,0,1,0,0,0,0,1,1,1,0,0,1,0,0,0,1,0,0,0,0,0,0,0,0,0,0,0,1,0,0,1,0,1,0,0,0,Hypothalamus_traject_P10:AAGGCAGTCTTATCTGx,0,0,1,0,0
0,1,0,1,0,0,0,0,0,0,0,0,0,0,0,1,0,0,0,0,0,0,1,1,1,1,1,0,0,0,1,1,1,0,1,0,0,0,1,0,0,0,0,1,0,1,0,1,0,0,0,0,Hypothalamus_traject_P10:CGCGGTACAGTAGAGCx,0,0,1,0,0
0,0,0,0,1,1,0,0,0,0,0,0,0,0,0,1,0,0,0,0,0,0,1,1,1,1,0,0,1,0,1,1,0,0,1,0,0,0,0,0,0,0,0,0,0,0,0,0,0,0,0,0,Hypothalamus_traject_P10:AGATTGCAGGGTGTTGx,0,0,1,0,0
0,1,0,0,0,0,0,0,0,0,0,0,0,0,0,1,0,0,0,0,0,0,1,1,1,1,1,0,0,0,0,1,1,0,0,0,0,0,0,0,0,0,0,1,0,0,0,0,0,0,0,0,Hypothalamus_traject_P10:AGATCTGGTTGCGCACx,0,0,1,0,0
0,1,0,0,0,0,0,0,0,0,0,0,0,0,0,1,0,0,0,0,1,0,1,1,1,0,1,0,0,0,0,1,1,0,0,0,0,0,0,0,0,0,0,1,0,0,1,0,0,0,0,0,Hypothalamus_traject_P10:CGTCACTAGCTGGAACx,0,0,1,0,0
0,0,0,0,0,0,0,0,0,0,0,0,0,0,0,0,0,0,0,0,0,0,1,1,1,0,0,0,0,0,0,1,0,0,0,0,0,0,0,0,0,0,0,1,0,0,0,0,0,0,0,0,Hypothalamus_traject_P10:AGCGGTCTCGAGAGCAx,0,0,1,0,0
0,1,0,0,0,0,0,0,0,0,0,0,0,0,0,0,0,0,1,0,0,0,1,1,0,1,0,0,0,0,0,0,0,0,0,1,1,0,0,0,0,0,0,0,0,1,0,0,0,0,0,0,Hypothalamus_traject_1P10:CTCGAAAGTTCCCTTGx,0,0,1,0,0
0,1,0,0,0,1,0,0,0,0,0,0,0,0,0,0,0,0,0,0,0,0,1,1,1,1,0,0,0,0,0,1,0,0,1,0,0,1,0,0,0,0,0,1,0,1,0,0,0,0,0,0,Hypothalamus_traject_1P10:ACATCAGAGGACCACAx,0,0,1,0,0
0,1,1,0,0,0,0,0,0,0,0,0,0,0,0,0,0,0,0,0,0,0,1,1,0,0,1,1,1,1,1,1,0,0,0,0,0,0,1,0,0,0,0,1,0,0,0,0,0,0,0,0,Hypothalamus_traject_1P10:ACGCCGAAGACCTAGGx,0,0,1,0,0
1,0,0,0,0,0,0,0,0,0,0,0,0,0,0,0,0,0,0,0,0,1,1,1,1,0,0,1,0,0,1,1,1,0,0,0,0,0,0,0,0,0,0,0,0,0,0,0,0,0,0,0,Hypothalamus_traject_1P10:TTGGCAATCCGTTGTCx,0,0,1,0,0
0,0,0,0,0,0,0,0,0,0,0,0,0,0,0,1,0,0,1,0,0,0,1,1,1,1,0,0,0,0,0,0,0,0,0,0,0,0,0,0,0,0,0,1,0,0,0,0,0,0,0,0,Hypothalamus_traject_1P10:AGCCTAATCGCCTGAGx,0,0,1,0,0
0,1,0,0,0,0,0,0,0,0,0,0,0,0,0,0,0,0,0,0,0,0,1,1,1,1,1,0,0,0,0,1,0,0,0,0,0,0,0,0,0,0,0,1,0,1,0,0,0,0,0,0,Hypothalamus_traject_1P10:CCGTGGACACCCATTCx,0,0,1,0,0
0,1,0,0,0,0,0,0,0,0,0,0,0,0,0,0,0,0,0,0,0,0,1,1,0,1,0,0,0,0,0,1,1,0,0,0,0,0,0,0,0,0,0,1,0,0,0,0,0,0,0,0,Hypothalamus_traject_1P10:TACACGAAGCGATTCTx,0,0,1,0,0
0,1,0,0,0,0,0,1,0,0,0,0,0,0,0,1,0,0,1,0,0,0,1,1,1,0,0,0,0,1,0,0,0,0,0,0,0,0,0,0,0,0,0,1,1,0,0,0,0,0,0,0,Hypothalamus_traject_1P10:GGCAATTTCAAGATCCx,0,0,1,0,0
0,1,0,0,0,0,0,0,0,0,0,0,0,0,0,1,0,0,1,0,0,0,1,1,0,0,0,1,1,0,1,0,0,0,0,1,0,0,1,0,0,0,0,1,1,1,0,0,0,0,0,0,Hypothalamus_traject_1P10:CTGTGCTGTGACTACTx,0,0,1,0,0
0,1,0,0,0,0,0,0,0,0,0,0,0,0,0,0,0,1,0,0,0,0,1,1,1,0,0,1,0,0,0,1,0,0,0,0,0,0,0,0,0,0,0,1,0,0,0,0,0,0,0,0,Hypothalamus_traject_1P10:ATGAGGGGTCCAAGTTx,0,0,1,0,0
0,1,0,0,0,0,0,0,0,0,0,0,0,0,0,1,0,1,0,0,0,0,1,1,1,1,1,0,1,0,1,1,0,0,0,0,0,0,0,0,0,0,0,1,0,0,0,0,0,0,1,0,Hypothalamus_traject_1P10:CGTCACTAGTTTCCTTx,0,0,1,0,0
0,0,0,0,0,0,0,0,0,0,0,0,0,0,0,1,0,0,0,0,0,0,1,1,1,0,0,0,0,1,1,0,1,0,0,0,0,0,1,0,0,0,0,1,0,1,0,1,0,0,0,0,Hypothalamus_traject_1P10:CGTCAGGAGACTGGGTx,0,0,1,0,0
0,0,0,0,0,0,0,0,0,0,0,0,0,0,0,0,0,0,0,0,1,0,1,1,1,0,0,0,0,0,1,1,0,0,0,0,0,0,1,0,0,0,0,1,0,1,0,0,0,0,0,0,Hypothalamus_traject_1P10:CGAGCCATCAGCAACTx,0,0,1,0,0
0,0,0,0,0,0,0,0,0,0,0,0,0,0,0,0,0,0,1,0,0,0,1,1,1,1,0,0,0,0,1,0,0,0,0,0,0,0,1,0,0,0,0,1,0,1,0,0,0,0,0,0,Hypothalamus_traject_1P10:CTGATCCGTCATTAGCx,0,0,1,0,0
1,1,0,0,0,0,0,0,0,0,0,0,0,0,0,1,0,1,1,1,0,0,1,1,1,0,0,0,0,0,1,0,1,0,0,0,0,0,0,0,0,0,0,1,1,0,1,0,0,0,0,0,Hypothalamus_traject_1P10:ACACTGACACAACTGTx,0,0,1,0,0
1,1,0,0,0,0,0,0,0,0,0,0,0,0,0,1,0,0,0,1,0,0,1,1,1,0,1,0,0,0,1,1,0,0,0,0,0,0,0,0,0,0,0,1,0,0,0,0,0,0,0,0,Hypothalamus_traject_1P10:GACTGCGAGTTTCCTTx,0,0,1,0,0
1,0,0,0,0,0,0,0,0,0,0,0,0,0,0,0,0,0,0,0,1,0,1,1,0,0,0,0,0,0,1,1,1,0,0,0,0,0,1,0,0,0,0,0,0,0,0,0,0,0,0,0,Hypothalamus_traject_1P10:CAGCAGCGTAGCTGCCx,0,0,1,0,0
